,first_name,second_name,position,assists,goals_scored,total_points,threat_rank,influence_rank,creativity_rank,minutes,goals_conceded,creativity,influence,threat,bonus,bps,ict_index,clean_sheets,red_cards,yellow_cards,now_cost,points_per_million
0,Shkodran,Mustafi,DEF,2,0,43,234,257,352,1205,17,45.5,277.2,155.0,2,242,47.9,4,0,2,5.1,8.431372549019608
1,Héctor,Bellerín,DEF,0,1,44,275,322,301,1156,18,76.9,187.8,103.0,4,204,37.0,4,0,2,5.2,8.461538461538462
2,Sead,Kolasinac,DEF,2,0,55,305,264,215,1694,26,182.5,269.6,81.0,1,331,53.0,4,0,4,5.2,10.576923076923077
3,Ainsley,Maitland-Niles,DEF,2,0,41,337,241,216,1382,22,182.0,301.8,58.0,3,244,53.6,3,1,4,4.5,9.11111111111111
4,Sokratis,Papastathopoulos,DEF,0,2,57,266,166,365,1696,25,36.8,436.2,110.0,5,305,58.5,4,0,6,4.8,11.875
5,Nacho,Monreal,DEF,0,0,10,412,424,358,270,4,40.8,47.2,12.0,1,54,10.0,1,0,0,5.0,2.0
6,Laurent,Koscielny,DEF,0,0,0,639,647,643,0,0,0.0,0.0,0.0,0,0,0.0,0,0,0,5.0,0.0
7,Konstantinos,Mavropanos,DEF,0,0,0,552,585,572,0,0,0.0,0.0,0.0,0,0,0.0,0,0,0,4.3,0.0
8,Carl,Jenkinson,DEF,0,0,0,575,599,590,0,0,0.0,0.0,0.0,0,0,0.0,0,0,0,4.5,0.0
9,Rob,Holding,DEF,0,0,16,396,355,441,580,9,4.8,133.6,19.0,2,96,15.8,1,0,1,4.4,3.6363636363636362
10,Pierre-Emerick,Aubameyang,FWD,5,22,205,9,9,61,3136,44,479.6,1006.0,1369.0,37,807,285.2,10,1,3,10.9,18.807339449541285
11,Alexandre,Lacazette,FWD,7,10,118,35,112,124,1867,25,337.7,536.4,861.0,16,387,173.8,5,0,8,9.2,12.82608695652174
12,Edward,Nketiah,FWD,0,2,25,191,389,319,628,9,67.0,90.4,210.0,1,66,36.4,3,1,0,4.3,5.813953488372094
13,Bernd,Leno,GK,0,0,114,629,25,635,2649,39,0.0,843.2,0.0,10,591,84.1,7,0,2,4.8,23.75
14,Mesut,Özil,MID,3,1,53,205,300,39,1439,20,582.9,223.6,190.0,1,256,99.8,5,0,1,6.9,7.6811594202898545
15,Henrikh,Mkhitaryan,MID,0,0,4,355,480,371,110,0,33.9,5.4,46.0,0,3,8.6,1,0,1,6.7,0.5970149253731343
16,Granit,Xhaka,MID,2,1,73,267,140,140,2586,31,298.5,486.2,110.0,2,408,89.9,10,0,10,5.1,14.313725490196079
17,Lucas,Torreira,MID,1,1,46,195,254,194,1501,23,207.1,281.8,207.0,0,247,69.7,3,0,7,4.7,9.787234042553191
18,Mohamed,Elneny,MID,0,0,0,525,567,551,0,0,0.0,0.0,0.0,0,0,0.0,0,0,0,4.2,0.0
19,Matteo,Guendouzi,MID,2,0,48,240,222,177,1744,31,235.1,333.6,146.0,2,272,71.6,3,0,6,4.1,11.707317073170733
20,David,Luiz Moreira Marinho,DEF,1,2,94,190,53,271,2809,42,106.7,701.6,211.0,10,494,102.1,8,2,5,5.7,16.49122807017544
21,Emiliano,Martínez,GK,0,0,33,557,272,575,770,9,0.0,256.8,0.0,1,169,25.8,3,0,2,4.4,7.499999999999999
22,Calum,Chambers,DEF,1,1,42,199,261,262,1102,15,113.5,272.0,203.0,5,197,58.7,3,0,5,4.3,9.767441860465116
23,Daniel,Ceballos Fernández,MID,2,0,57,250,215,79,1687,21,439.9,346.4,130.0,3,310,91.7,7,0,1,5.2,10.961538461538462
24,Cédric,Soares,DEF,1,1,61,265,214,186,1553,20,218.9,349.0,118.0,3,286,68.7,4,0,1,4.8,12.708333333333334
25,Nicolas,Pépé,MID,6,5,106,57,135,29,2004,30,639.4,500.2,624.0,9,353,176.5,5,0,4,8.9,11.910112359550562
26,Reiss,Nelson,MID,1,1,30,210,373,241,622,7,148.3,110.4,185.0,0,105,44.4,2,0,1,5.3,5.660377358490567
27,Joseph,Willock,MID,1,1,41,188,329,224,838,16,165.9,176.8,212.0,0,150,55.2,1,0,2,4.7,8.72340425531915
28,Gabriel Teodoro,Martinelli Silva,FWD,1,3,39,177,337,366,656,9,36.6,162.8,226.0,5,129,42.5,2,0,1,4.2,9.285714285714285
29,Kieran,Tierney,DEF,2,1,42,317,312,258,986,16,121.1,201.8,73.0,4,213,39.8,2,0,2,5.3,7.9245283018867925
30,Bukayo,Saka,MID,6,1,71,164,227,129,1746,18,322.5,327.2,248.0,4,259,89.8,7,0,6,4.7,15.106382978723405
31,Emile,Smith Rowe,MID,0,0,4,546,467,435,96,0,6.3,9.8,0.0,0,13,1.6,1,0,0,4.3,0.9302325581395349
32,Tyreece,John-Jules,FWD,0,0,0,569,595,585,0,0,0.0,0.0,0.0,0,0,0.0,0,0,0,4.4,0.0
33,Pablo,Marí,DEF,0,0,8,556,445,457,113,0,1.7,27.8,0.0,1,31,3.0,1,0,0,4.4,1.8181818181818181
34,Zech,Medley,DEF,0,0,0,485,534,516,0,0,0.0,0.0,0.0,0,0,0.0,0,0,0,4.0,0.0
35,Matt,Macey,GK,0,0,0,479,528,510,0,0,0.0,0.0,0.0,0,0,0.0,0,0,0,4.0,0.0
36,Matthew,Smith,DEF,0,0,0,491,540,522,0,0,0.0,0.0,0.0,0,0,0.0,0,0,0,4.0,0.0
37,Ahmed,El Mohamady,DEF,1,1,39,324,273,127,1024,28,324.1,254.6,67.0,7,224,64.6,2,0,1,4.1,9.51219512195122
38,James,Chester,DEF,0,0,0,518,561,545,0,0,0.0,0.0,0.0,0,0,0.0,0,0,0,4.2,0.0
39,Neil,Taylor,DEF,0,0,22,374,341,297,1088,25,79.7,157.6,29.0,0,163,26.7,2,0,2,4.2,5.238095238095238
40,Kortney,Hause,DEF,0,1,34,163,209,372,1544,34,33.0,352.8,248.0,0,204,63.4,2,0,3,4.4,7.727272727272727
41,Jonathan,Kodjia,FWD,0,0,5,386,489,421,111,6,12.2,3.4,24.0,0,14,3.8,0,0,1,5.4,0.9259259259259258
42,Ørjan,Nyland,GK,0,0,15,542,383,564,537,12,0.0,101.2,0.0,0,90,10.2,1,0,0,4.3,3.488372093023256
43,Conor,Hourihane,MID,5,3,83,129,193,44,1526,29,551.8,384.8,317.0,9,328,125.3,6,0,4,5.7,14.56140350877193
44,Jack,Grealish,MID,7,8,149,37,28,4,3233,63,1209.2,826.6,837.0,19,601,287.0,7,0,8,5.9,25.25423728813559
45,Anwar,El Ghazi,MID,5,4,93,51,195,60,2046,48,482.2,383.2,655.0,0,281,152.0,5,0,3,5.2,17.884615384615383
46,John,McGinn,MID,3,3,84,76,148,54,2312,41,503.3,458.6,499.0,4,321,145.9,6,0,3,5.2,16.153846153846153
47,Andre,Green,MID,0,0,0,633,644,638,0,0,0.0,0.0,0.0,0,0,0.0,0,0,0,4.8,0.0
48,Birkir,Bjarnason,MID,0,0,0,570,596,586,0,0,0.0,0.0,0.0,0,0,0.0,0,0,0,4.5,0.0
49,Keinan,Davis,MID,1,0,25,187,444,310,534,7,71.7,27.8,212.0,0,43,29.9,1,0,0,4.2,5.9523809523809526
50,Henri,Lansbury,MID,0,0,12,408,462,390,190,6,27.2,13.4,13.0,0,37,5.5,0,0,0,4.4,2.727272727272727
51,José Ignacio,Peleteiro Romallo,MID,1,0,17,318,425,335,329,5,56.9,47.0,73.0,0,48,17.3,2,0,0,5.7,2.982456140350877
52,Tom,Heaton,GK,0,0,59,534,129,478,1794,35,0.3,507.4,0.0,3,346,50.7,4,0,0,4.3,13.72093023255814
53,Daniel,Drinkwater,MID,0,0,6,422,452,402,317,11,21.2,18.6,8.0,0,32,4.7,0,0,1,4.4,1.3636363636363635
54,Matt,Targett,DEF,3,1,80,248,131,83,2291,40,432.9,503.8,130.0,10,433,106.9,5,0,4,4.3,18.6046511627907
55,Wesley,Moraes,FWD,1,5,67,54,244,222,1782,31,169.8,296.2,632.0,7,180,108.3,6,0,3,5.4,12.407407407407407
56,Jed,Steer,GK,0,0,1,541,577,563,7,0,0.0,0.0,0.0,0,3,0.0,0,0,0,4.3,0.23255813953488372
57,Tyrone,Mings,DEF,2,2,90,262,35,288,2902,53,87.3,758.0,119.0,9,537,96.6,6,0,7,4.4,20.454545454545453
58,Ezri,Konsa Ngoyo,DEF,2,1,65,221,185,238,2038,39,151.8,400.6,173.0,4,335,72.8,5,0,3,4.3,15.116279069767442
59,Bjorn,Engels,DEF,0,1,42,304,226,373,1446,32,31.9,329.6,81.0,4,252,44.5,3,0,1,4.3,9.767441860465116
60,Frédéric,Guilbert,DEF,2,0,62,311,154,171,2038,36,241.5,451.2,77.0,4,342,77.2,6,0,7,4.3,14.418604651162791
61,Mahmoud Ahmed,Ibrahim Hassan,MID,2,6,98,45,176,136,1936,29,303.7,422.4,741.0,7,270,145.7,6,1,2,5.2,18.846153846153847
62,Douglas Luiz,Soares de Paulo,MID,2,3,90,101,128,144,2604,51,293.2,508.6,377.0,5,411,118.0,8,0,8,4.3,20.930232558139537
63,Lovre,Kalinic,GK,0,0,0,521,564,547,0,0,0.0,0.0,0.0,0,0,0.0,0,0,0,4.2,0.0
64,Marvelous,Nakamba,MID,0,0,43,384,247,228,1826,37,162.9,292.2,24.0,0,273,47.9,1,0,5,4.4,9.772727272727272
65,Indiana,Vassilev,MID,0,0,4,427,500,462,47,1,1.6,1.2,7.0,0,8,0.9,0,0,0,4.5,0.8888888888888888
66,José,Reina,GK,0,0,41,505,248,428,1080,20,10.0,289.4,0.0,4,203,30.0,2,0,1,4.2,9.761904761904761
67,Mbwana,Samatta,FWD,0,1,29,166,408,249,940,18,131.5,67.6,245.0,2,74,44.2,4,0,1,5.1,5.686274509803922
68,Borja,González Tomás,FWD,0,0,2,448,505,459,16,2,1.7,0.2,2.0,0,5,0.4,0,0,0,5.3,0.37735849056603776
69,Kaine,Hayden,MID,0,0,0,614,636,625,0,0,0.0,0.0,0.0,0,0,0.0,0,0,0,4.5,0.0
70,Steve,Cook,DEF,0,1,52,230,96,347,2427,48,51.5,557.2,159.0,5,362,77.2,3,1,6,5.0,10.4
71,Nathan,Aké,DEF,2,2,79,123,56,285,2503,46,92.7,691.2,326.0,6,499,111.0,4,0,2,4.8,16.458333333333336
72,Charlie,Daniels,DEF,0,0,3,517,448,381,126,2,29.6,22.4,0.0,0,18,5.2,0,0,0,4.2,0.7142857142857143
73,Chris,Mepham,DEF,0,1,27,244,258,404,911,19,20.8,276.8,138.0,2,165,43.7,1,0,1,4.3,6.279069767441861
74,Simon,Francis,DEF,0,0,16,319,270,322,964,21,64.4,263.8,72.0,1,161,40.2,1,1,3,4.3,3.7209302325581395
75,Adam,Smith,DEF,1,0,49,286,235,214,2055,40,183.0,309.6,97.0,3,309,58.8,4,0,7,4.3,11.395348837209303
76,Lloyd,Kelly,DEF,0,0,11,392,404,385,638,15,28.4,73.4,20.0,0,85,12.2,1,0,2,4.4,2.5
77,Diego,Rico,DEF,5,0,84,288,81,41,2333,38,558.9,596.6,96.0,10,463,125.5,6,0,6,4.2,20.0
78,Jack,Simpson,DEF,0,0,4,397,437,418,238,6,12.7,33.6,18.0,0,33,6.4,0,0,0,3.9,1.0256410256410258
79,Callum,Wilson,FWD,6,8,116,36,187,102,2906,53,391.1,397.4,848.0,8,321,162.6,4,0,9,7.4,15.675675675675675
80,Joshua,King,FWD,5,6,99,73,167,98,2010,37,412.7,435.8,506.0,11,313,135.1,4,0,0,6.1,16.229508196721312
81,Dominic,Solanke,FWD,2,3,69,64,301,197,1637,39,202.5,223.2,569.0,3,177,99.4,1,0,1,5.1,13.529411764705884
82,Sam,Surridge,FWD,0,0,4,383,488,424,25,2,10.6,3.4,24.0,0,3,3.4,0,0,0,4.3,0.9302325581395349
83,Asmir,Begovic,GK,0,0,0,515,559,543,0,0,0.0,0.0,0.0,0,0,0.0,0,0,0,4.2,0.0
84,Artur,Boruc,GK,0,0,0,510,555,538,0,0,0.0,0.0,0.0,0,0,0.0,0,0,0,4.2,0.0
85,Mark,Travers,GK,0,0,1,531,460,556,90,3,0.0,15.2,0.0,0,9,1.5,0,0,0,4.2,0.23809523809523808
86,Ryan,Fraser,MID,5,1,73,84,206,30,2061,34,627.1,355.6,440.0,2,305,141.9,4,0,2,6.8,10.73529411764706
87,David,Brooks,MID,0,1,21,321,395,279,505,12,100.8,82.2,71.0,1,73,25.4,1,0,1,6.1,3.4426229508196724
88,Junior,Stanislas,MID,1,3,42,168,326,211,706,17,185.4,179.0,241.0,2,155,60.7,1,0,1,5.8,7.241379310344827
89,Jordon,Ibe,MID,0,0,2,617,474,438,48,1,5.4,6.8,0.0,0,10,1.2,0,0,0,4.6,0.4347826086956522
90,Lewis,Cook,MID,1,0,40,323,321,213,1340,30,183.1,187.8,68.0,0,183,43.8,2,0,5,5.0,8.0
91,Andrew,Surman,MID,0,0,6,423,446,393,234,6,25.5,23.6,8.0,0,28,5.6,0,0,1,4.7,1.276595744680851
92,Dan,Gosling,MID,1,3,54,159,230,237,1254,23,151.9,316.4,259.0,1,186,72.6,2,0,3,4.8,11.25
93,Jefferson,Lerma,MID,2,1,65,223,162,205,2702,49,189.4,439.0,169.0,2,376,79.4,4,1,11,4.8,13.541666666666668
94,Jack,Stacey,DEF,2,0,39,297,236,242,1547,27,147.2,308.8,86.0,4,241,54.3,1,0,2,4.3,9.069767441860465
95,Philip,Billing,MID,1,1,68,117,107,173,2526,41,239.8,545.4,342.0,5,347,112.9,5,0,8,4.9,13.877551020408163
96,Arnaut,Danjuma Groeneveld,MID,1,0,24,243,413,293,625,12,82.6,60.6,139.0,0,60,27.9,2,0,0,5.8,4.137931034482759
97,Aaron,Ramsdale,GK,1,0,126,568,11,397,3330,62,24.0,973.8,0.0,13,680,99.7,5,0,0,4.4,28.636363636363633
98,Harry,Wilson,MID,1,7,91,49,197,170,1637,32,242.1,377.4,667.0,7,295,128.5,2,0,2,5.7,15.964912280701753
99,Christian,Saydee,MID,0,0,0,610,632,621,0,0,0.0,0.0,0.0,0,0,0.0,0,0,0,4.5,0.0
100,Gavin,Kilkenny,MID,0,0,0,605,628,617,0,0,0.0,0.0,0.0,0,0,0.0,0,0,0,4.5,0.0
101,Mihai-Alexandru,Dobre,MID,0,0,0,567,594,584,0,0,0.0,0.0,0.0,0,0,0.0,0,0,0,4.4,0.0
102,Shane,Duffy,DEF,0,1,44,283,251,380,1232,18,29.8,288.0,100.0,1,227,41.8,3,0,2,4.8,9.166666666666668
103,Martín,Montoya,DEF,1,0,62,217,220,123,1892,32,338.0,337.4,177.0,3,313,85.5,6,0,5,4.3,14.418604651162791
104,Bernardo,Fernandes da Silva Junior,DEF,0,0,21,293,344,309,675,17,72.6,154.0,92.0,3,121,31.9,1,0,1,4.3,4.883720930232558
105,Leon,Balogun,DEF,0,0,0,536,574,559,0,0,0.0,0.0,0.0,0,0,0.0,0,0,0,4.3,0.0
106,Gaëtan,Bong,DEF,0,0,3,428,458,388,57,3,27.9,16.0,6.0,0,15,5.0,0,0,0,4.2,0.7142857142857143
107,Lewis,Dunk,DEF,3,3,128,79,29,221,3230,50,171.8,825.6,469.0,17,674,146.8,9,0,9,4.8,26.666666666666668
108,Matthew,Clarke,DEF,0,0,0,543,578,565,0,0,0.0,0.0,0.0,0,0,0.0,0,0,0,4.3,0.0
109,Glenn,Murray,FWD,1,1,36,162,403,333,785,10,57.1,74.0,249.0,0,74,37.7,2,0,0,5.4,6.666666666666666
110,Jürgen,Locadia,FWD,0,0,3,373,491,464,85,1,1.3,3.2,30.0,0,5,3.3,1,0,0,5.2,0.5769230769230769
111,Florin,Andone,FWD,0,1,5,389,429,422,71,2,11.3,45.0,21.0,1,20,7.6,0,1,0,4.7,1.0638297872340425
112,Mathew,Ryan,GK,0,0,135,625,10,632,3420,54,0.0,1000.0,0.0,14,754,100.1,9,0,0,4.7,28.72340425531915
113,David,Button,GK,0,0,0,456,509,489,0,0,0.0,0.0,0.0,0,0,0.0,0,0,0,3.9,0.0
114,Pascal,Groß,MID,5,2,76,126,192,12,1791,32,908.5,388.2,323.0,7,326,161.6,3,0,4,6.2,12.258064516129032
115,Alireza,Jahanbakhsh,MID,1,2,28,272,388,327,305,4,62.5,90.6,106.0,2,90,25.9,1,0,0,5.8,4.827586206896552
116,José Heriberto,Izquierdo Mena,MID,0,0,0,658,659,660,0,0,0.0,0.0,0.0,0,0,0.0,0,0,0,5.4,0.0
117,Anthony,Knockaert,MID,0,0,0,656,658,658,0,0,0.0,0.0,0.0,0,0,0.0,0,0,0,5.3,0.0
118,Yves,Bissouma,MID,0,1,39,280,285,264,1253,18,110.6,238.8,101.0,0,207,45.1,4,0,4,5.0,7.8
119,Davy,Pröpper,MID,2,1,78,150,123,81,2826,46,434.1,522.2,271.0,2,441,122.5,6,0,4,4.8,16.25
120,Solomon,March,MID,1,0,38,147,320,174,1139,15,239.6,189.4,274.0,3,129,70.4,4,0,2,4.6,8.260869565217392
121,Beram,Kayal,MID,0,0,0,513,557,541,0,0,0.0,0.0,0.0,0,0,0.0,0,0,0,4.2,0.0
122,Dale,Stephens,MID,1,0,63,295,163,145,2525,42,292.8,438.6,90.0,1,406,82.2,6,0,8,4.4,14.318181818181817
123,Leandro,Trossard,MID,5,5,104,67,182,38,2004,34,585.4,411.4,540.0,9,352,153.2,4,0,0,5.8,17.931034482758623
124,Dan,Burn,DEF,0,0,86,253,76,135,2879,42,311.9,602.8,128.0,3,480,104.2,9,0,5,4.5,19.11111111111111
125,Adam,Webster,DEF,1,3,88,182,54,235,2668,44,153.2,696.6,221.0,7,514,107.3,5,0,4,4.4,20.0
126,Neal,Maupay,FWD,3,10,131,7,124,112,2763,36,369.2,518.6,1519.0,21,361,240.5,8,0,3,5.7,22.982456140350877
127,Aaron,Mooy,MID,2,2,80,138,165,31,2079,33,614.9,436.6,291.0,9,337,134.0,6,1,1,4.7,17.02127659574468
128,Aaron,Connolly,FWD,3,3,61,69,348,286,1250,22,91.4,150.6,530.0,5,146,76.0,5,0,0,4.2,14.523809523809524
129,Tudor,Baluta,DEF,0,0,0,486,535,517,0,0,0.0,0.0,0.0,0,0,0.0,0,0,0,4.0,0.0
130,Steven,Alzate,MID,0,0,33,196,310,190,1181,18,214.1,202.0,205.0,0,183,62.3,3,0,1,4.4,7.499999999999999
131,Ezequiel,Schelotto,DEF,0,0,9,327,431,417,357,7,12.7,38.4,65.0,0,40,11.4,0,0,2,3.9,2.307692307692308
132,Tariq,Lamptey,DEF,1,0,26,376,387,294,619,8,82.1,91.8,27.0,0,136,20.2,3,0,2,4.1,6.341463414634147
133,Alexis,Mac Allister,MID,0,0,12,326,442,304,348,6,73.8,28.4,66.0,0,35,16.9,0,0,0,5.4,2.222222222222222
134,Alex,Cochrane,DEF,0,0,0,488,537,519,0,0,0.0,0.0,0.0,0,0,0.0,0,0,0,4.0,0.0
135,Ben,Mee,DEF,2,1,110,106,59,272,2880,45,105.8,658.8,362.0,6,549,112.9,13,0,7,4.9,22.448979591836732
136,James,Tarkowski,DEF,3,2,143,95,14,223,3420,50,167.1,919.8,410.0,14,690,149.9,15,0,10,5.5,26.0
137,Matthew,Lowton,DEF,1,0,48,407,246,217,1530,31,181.7,294.2,15.0,1,270,49.2,6,0,2,4.2,11.428571428571429
138,Phil,Bardsley,DEF,2,0,78,269,212,225,1890,19,164.0,350.6,109.0,6,358,62.5,9,0,6,4.4,17.727272727272727
139,Charlie,Taylor,DEF,1,0,84,395,196,168,1944,18,243.0,382.6,19.0,5,375,64.7,10,0,3,4.3,19.53488372093023
140,Kevin,Long,DEF,0,0,21,382,380,463,562,5,1.3,104.8,24.0,0,93,13.0,2,0,0,4.3,4.883720930232558
141,Ben,Gibson,DEF,0,0,0,457,510,490,0,0,0.0,0.0,0.0,0,0,0.0,0,0,0,3.9,0.0
142,Ashley,Barnes,FWD,0,6,61,78,297,292,1350,21,85.1,226.2,474.0,6,161,75.9,8,0,4,6.1,10.0
143,Chris,Wood,FWD,1,14,136,24,101,138,2436,33,299.6,552.2,1070.0,21,384,190.8,11,0,1,6.2,21.93548387096774
144,Matej,Vydra,FWD,1,2,39,149,351,263,807,7,113.3,144.2,273.0,3,112,53.3,5,0,0,5.1,7.647058823529412
145,Nick,Pope,GK,0,0,170,447,18,376,3420,50,30.3,900.0,2.0,23,789,93.1,15,0,1,5.2,32.69230769230769
146,Joe,Hart,GK,0,0,0,509,554,537,0,0,0.0,0.0,0.0,0,0,0.0,0,0,0,4.2,0.0
147,Johann Berg,Gudmundsson,MID,1,1,30,270,365,188,617,7,215.4,118.6,108.0,1,98,44.1,3,0,0,5.9,5.084745762711864
148,Dwight,McNeil,MID,7,2,123,87,62,11,3339,48,931.4,644.2,430.0,6,529,200.6,16,0,5,6.0,20.5
149,Robbie,Brady,MID,2,1,32,254,364,274,445,10,102.1,118.6,128.0,0,112,34.9,1,0,1,5.5,5.818181818181818
150,Steven,Defour,MID,0,0,0,659,660,661,0,0,0.0,0.0,0.0,0,0,0.0,0,0,0,5.5,0.0
151,Jeff,Hendrick,MID,2,2,67,142,263,191,1930,30,213.7,269.8,282.0,4,197,76.5,10,0,8,5.4,12.407407407407407
152,Ashley,Westwood,MID,7,2,118,245,80,16,3150,39,814.2,596.8,135.0,11,567,154.7,15,0,9,5.5,21.454545454545453
153,Jack,Cork,MID,0,0,70,130,233,199,2614,41,198.2,313.2,311.0,0,301,82.4,12,0,1,4.9,14.285714285714285
154,Aaron,Lennon,MID,0,0,15,410,428,364,485,15,37.8,45.0,12.0,0,51,9.6,0,0,4,4.6,3.2608695652173916
155,Erik,Pieters,DEF,5,0,77,294,207,154,1876,35,273.8,355.4,90.0,10,359,71.6,6,0,2,4.3,17.906976744186046
156,Jay,Rodriguez,FWD,2,8,100,39,171,247,2002,34,135.0,431.4,827.0,9,282,137.8,7,0,1,5.7,17.543859649122805
157,Bailey,Peacock-Farrell,GK,0,0,0,549,583,570,0,0,0.0,0.0,0.0,0,0,0.0,0,0,0,4.3,0.0
158,Mace,Goodridge,MID,0,0,0,583,606,596,0,0,0.0,0.0,0.0,0,0,0.0,0,0,0,4.5,0.0
159,Anthony,Driscoll-Glennon,DEF,0,0,0,462,514,494,0,0,0.0,0.0,0.0,0,0,0.0,0,0,0,3.9,0.0
160,Abd-Al-Ali Morakinyo Olaposi,Koiki,DEF,0,0,0,495,544,526,0,0,0.0,0.0,0.0,0,0,0.0,0,0,0,4.0,0.0
161,Josh,Brownhill,MID,0,0,21,350,384,330,805,10,58.5,101.2,49.0,0,111,20.8,4,0,2,4.8,4.375
162,Jimmy,Dunne,DEF,0,0,0,489,538,520,0,0,0.0,0.0,0.0,0,0,0.0,0,0,0,4.0,0.0
163,Bobby,Thomas,DEF,0,0,0,500,549,531,0,0,0.0,0.0,0.0,0,0,0.0,0,0,0,4.0,0.0
164,Max,Thompson,FWD,0,0,1,612,634,623,2,0,0.0,0.0,0.0,0,3,0.0,0,0,0,4.5,0.2222222222222222
165,Lukas,Jensen,GK,0,0,0,498,547,529,0,0,0.0,0.0,0.0,0,0,0.0,0,0,0,4.0,0.0
166,Josh,Benson,MID,0,0,0,586,609,600,0,0,0.0,0.0,0.0,0,0,0.0,0,0,0,4.5,0.0
167,Joel,Mumbongo,FWD,0,0,0,601,624,614,0,0,0.0,0.0,0.0,0,0,0.0,0,0,0,4.5,0.0
168,Marcos,Alonso,DEF,4,4,100,92,181,96,1429,18,413.4,411.8,420.0,11,395,124.3,7,0,4,6.1,16.393442622950822
169,Antonio,Rüdiger,DEF,0,2,63,201,191,284,1710,24,93.3,389.4,194.0,5,351,67.7,5,0,3,5.9,10.677966101694915
170,César,Azpilicueta,DEF,6,2,130,85,16,25,3229,53,708.7,905.2,438.0,16,700,205.4,8,0,1,6.1,21.311475409836067
171,Emerson,Palmieri dos Santos,DEF,0,0,19,178,308,139,1022,21,298.7,207.8,225.0,0,181,73.2,1,0,3,5.4,3.518518518518518
172,Andreas,Christensen,DEF,0,0,34,289,208,311,1751,33,70.9,353.6,96.0,0,325,52.1,3,0,5,4.8,7.083333333333334
173,Davide,Zappacosta,DEF,0,0,0,523,566,549,0,0,0.0,0.0,0.0,0,0,0.0,0,0,0,4.2,0.0
174,Olivier,Giroud,FWD,1,8,68,60,231,245,988,16,144.8,316.2,598.0,5,253,105.4,6,0,1,6.7,10.149253731343283
175,Kepa,Arrizabalaga,GK,0,0,90,657,132,659,2970,47,0.0,503.6,0.0,0,507,50.2,8,0,0,5.4,16.666666666666664
176,Willy,Caballero,GK,0,0,13,628,390,634,450,7,0.0,90.2,0.0,0,74,9.0,1,0,0,4.8,2.7083333333333335
177,Willian,Borges Da Silva,MID,9,9,168,30,26,7,2595,35,1177.7,834.8,930.0,26,698,294.6,10,0,4,7.3,23.013698630136986
178,Pedro,Rodríguez Ledesma,MID,2,1,32,111,340,183,659,12,227.1,161.4,349.0,1,127,73.8,2,0,1,6.8,4.705882352941177
179,Ruben,Loftus-Cheek,MID,1,0,12,369,440,377,203,3,30.2,30.8,33.0,0,37,9.2,1,0,0,5.9,2.0338983050847457
180,Callum,Hudson-Odoi,MID,5,1,53,124,289,121,849,14,341.4,235.2,325.0,3,197,89.9,2,0,1,5.1,10.392156862745098
181,Ross,Barkley,MID,5,1,61,103,267,118,1095,14,344.3,266.0,373.0,5,208,98.2,5,0,0,5.6,10.892857142857144
182,Jorge Luiz,Frello Filho,MID,3,4,92,231,77,92,2376,40,422.4,600.0,158.0,9,535,118.4,6,0,10,4.9,18.77551020408163
183,N'Golo,Kanté,MID,0,3,57,186,175,89,1730,25,424.5,422.8,214.0,2,294,106.3,3,0,4,5.0,11.4
184,Ethan,Ampadu,MID,0,0,0,545,580,567,0,0,0.0,0.0,0.0,0,0,0.0,0,0,0,4.3,0.0
185,Christian,Pulisic,MID,8,9,127,25,98,87,1717,28,426.0,556.2,1059.0,8,379,204.2,6,0,0,7.4,17.16216216216216
186,Mateo,Kovacic,MID,3,1,68,209,136,68,2065,37,458.5,497.0,186.0,6,461,114.0,4,0,8,5.3,12.830188679245284
187,Kurt,Zouma,DEF,0,0,62,229,125,359,2343,37,40.1,518.0,162.0,2,432,71.7,7,0,6,4.7,13.191489361702127
188,Tammy,Abraham,FWD,6,15,153,10,58,150,2206,34,283.2,659.6,1301.0,20,461,223.3,7,0,2,7.3,20.958904109589042
189,Michy,Batshuayi,FWD,2,1,28,211,412,355,224,8,42.9,61.8,185.0,1,59,28.3,0,0,0,6.6,4.242424242424242
190,Robert Kenedy,Nunes do Nascimento,MID,0,0,0,652,657,654,0,0,0.0,0.0,0.0,0,0,0.0,0,0,0,5.2,0.0
191,Mason,Mount,MID,6,7,137,28,65,17,2865,44,814.0,641.2,974.0,11,510,242.8,9,0,3,6.0,22.833333333333332
192,Reece,James,DEF,2,0,61,241,219,85,1510,23,428.8,343.6,143.0,5,373,91.8,5,0,1,4.9,12.448979591836734
193,Fikayo,Tomori,DEF,0,1,48,307,221,316,1291,18,68.6,335.4,79.0,7,271,48.5,4,0,3,4.2,11.428571428571429
194,Billy,Gilmour,MID,0,0,9,436,439,338,191,3,55.3,31.4,5.0,0,41,9.1,1,0,0,4.1,2.1951219512195124
195,Addji Keaninkin Marc-Israel,Guehi,DEF,0,0,0,464,516,496,0,0,0.0,0.0,0.0,0,0,0.0,0,0,0,3.9,0.0
196,Faustino,Anjorin,MID,0,0,1,420,614,466,19,0,1.2,0.0,9.0,0,1,1.0,0,0,0,4.5,0.2222222222222222
197,Armando,Broja,FWD,0,0,1,604,627,479,4,0,0.3,0.0,0.0,0,2,0.0,0,0,0,4.5,0.2222222222222222
198,Lewis,Bate,MID,0,0,0,609,631,620,0,0,0.0,0.0,0.0,0,0,0.0,0,0,0,4.5,0.0
199,Patrick,van Aanholt,DEF,2,3,109,140,117,52,2507,38,516.0,531.2,285.0,12,523,133.4,8,0,0,5.6,19.464285714285715
200,James,Tomkins,DEF,1,1,48,260,194,389,1582,23,27.7,384.0,121.0,4,260,53.3,3,0,5,4.9,9.795918367346937
201,Mamadou,Sakho,DEF,0,0,11,435,325,411,929,21,15.9,179.2,6.0,0,148,20.2,0,1,1,5.0,2.2
202,Joel,Ward,DEF,1,0,77,348,173,260,2380,36,117.0,427.0,49.0,8,392,59.5,7,0,4,4.3,17.906976744186046
203,Scott,Dann,DEF,1,0,51,216,275,331,1264,14,58.3,250.2,177.0,3,253,48.6,5,0,0,4.3,11.86046511627907
204,Martin,Kelly,DEF,1,0,64,406,237,282,1547,16,96.5,305.4,15.0,4,288,41.7,6,0,0,4.1,15.609756097560977
205,Christian,Benteke,FWD,1,2,42,55,292,166,1252,18,248.3,231.8,632.0,1,133,110.9,5,1,4,5.7,7.368421052631579
206,Connor,Wickham,FWD,1,1,15,330,414,369,90,2,34.5,59.8,64.0,2,48,15.8,0,0,0,4.3,3.488372093023256
207,Vicente,Guaita,GK,0,0,137,637,27,641,3150,42,0.0,827.2,0.0,16,643,82.6,10,0,1,4.9,27.959183673469386
208,Wayne,Hennessey,GK,0,0,7,512,372,540,270,8,0.0,110.4,0.0,0,58,11.0,0,0,0,4.2,1.6666666666666665
209,Wilfried,Zaha,MID,6,4,120,20,87,37,3279,46,588.0,572.0,1103.0,4,337,226.4,9,0,5,6.6,18.181818181818183
210,Luka,Milivojevic,MID,1,3,81,204,147,55,2510,38,499.1,460.0,190.0,9,382,114.9,7,0,12,6.7,12.08955223880597
211,Andros,Townsend,MID,1,1,48,258,277,167,1284,23,247.1,246.4,122.0,0,221,61.6,3,0,0,5.6,8.571428571428571
212,Max,Meyer,MID,0,0,23,276,407,313,645,11,68.9,68.0,103.0,0,67,23.8,1,0,1,5.2,4.423076923076923
213,Jeffrey,Schlupp,MID,1,3,51,153,283,275,1030,16,101.9,240.0,266.0,4,148,60.8,4,0,2,5.4,9.444444444444445
214,James,McArthur,MID,4,0,92,91,82,57,3091,38,486.6,586.6,421.0,2,420,149.6,11,0,6,5.2,17.692307692307693
215,Cheikhou,Kouyaté,MID,2,1,85,144,188,229,2524,36,162.3,394.6,279.0,4,288,83.5,10,0,4,4.8,17.708333333333336
216,Luke,Dreher,MID,0,0,0,550,584,571,0,0,0.0,0.0,0.0,0,0,0.0,0,0,0,4.3,0.0
217,James,McCarthy,MID,0,0,41,306,265,157,1668,29,268.3,268.8,80.0,0,205,61.8,2,0,9,4.2,9.761904761904761
218,Jordan,Ayew,FWD,3,9,132,34,79,74,3148,45,445.6,597.4,885.0,19,443,192.4,12,0,6,5.1,25.88235294117647
219,Gary,Cahill,DEF,1,0,70,116,158,360,2167,35,40.0,448.4,342.0,4,395,83.4,7,0,1,4.3,16.27906976744186
220,Víctor,Camarasa,MID,0,0,1,580,504,483,5,0,0.1,0.2,0.0,0,3,0.0,0,0,0,4.5,0.2222222222222222
221,Jairo,Riedewald,MID,0,0,22,377,366,350,761,9,47.1,117.0,27.0,0,116,19.1,0,0,0,4.5,4.888888888888889
222,Stephen,Henderson,GK,0,0,0,476,526,507,0,0,0.0,0.0,0.0,0,0,0.0,0,0,0,4.0,0.0
223,Sam,Woods,DEF,0,0,0,468,519,499,0,0,0.0,0.0,0.0,0,0,0.0,0,0,0,3.9,0.0
224,Tyrick,Mitchell,DEF,0,0,4,442,432,329,193,4,58.7,36.4,2.0,0,23,9.7,0,0,1,4.0,1.0
225,Brandon,Pierrick,MID,0,0,2,444,477,403,13,0,21.0,6.4,2.0,0,7,2.9,0,0,0,4.5,0.4444444444444444
226,James,Daly,FWD,0,0,0,603,626,616,0,0,0.0,0.0,0.0,0,0,0.0,0,0,0,4.5,0.0
227,Nya,Kirby,MID,0,0,0,584,607,598,0,0,0.0,0.0,0.0,0,0,0.0,0,0,0,4.5,0.0
228,Giovanni,McGregor,MID,0,0,0,594,618,608,0,0,0.0,0.0,0.0,0,0,0.0,0,0,0,4.5,0.0
229,Nikola,Tavares,DEF,0,0,0,493,542,524,0,0,0.0,0.0,0.0,0,0,0.0,0,0,0,4.0,0.0
230,John-Kymani,Gordon,MID,0,0,0,611,633,622,0,0,0.0,0.0,0.0,0,0,0.0,0,0,0,4.5,0.0
231,Alex,Iwobi,MID,0,1,52,122,278,105,1591,30,383.7,246.4,329.0,2,227,95.9,4,0,0,5.6,9.285714285714286
232,Lucas,Digne,DEF,8,0,120,137,41,8,3031,49,1112.0,743.0,293.0,16,646,215.0,9,0,6,5.9,20.338983050847457
233,Yerry,Mina,DEF,1,2,78,90,115,289,2281,37,87.2,535.4,422.0,8,419,104.4,5,0,3,5.3,14.716981132075473
234,Michael,Keane,DEF,0,2,90,198,57,296,2556,42,80.0,666.4,204.0,9,490,95.2,7,0,3,5.2,17.307692307692307
235,Seamus,Coleman,DEF,1,0,55,220,228,240,1833,29,149.0,321.2,175.0,2,325,64.6,5,1,3,5.3,10.377358490566039
236,Leighton,Baines,DEF,1,0,14,437,396,256,400,8,123.8,81.8,5.0,0,89,21.2,0,0,0,4.9,2.8571428571428568
237,Cenk,Tosun,FWD,0,2,24,176,391,325,462,6,63.4,89.0,229.0,1,86,37.7,2,0,0,5.7,4.2105263157894735
238,Dominic,Calvert-Lewin,FWD,1,13,126,12,92,172,2621,43,241.4,562.8,1272.0,15,385,206.3,8,0,9,6.1,20.655737704918035
239,Jordan,Pickford,GK,0,0,117,651,38,416,3420,56,13.0,755.6,0.0,5,626,76.7,9,0,2,5.2,22.5
240,Maarten,Stekelenburg,GK,0,0,0,451,506,484,0,0,0.0,0.0,0.0,0,0,0.0,0,0,0,3.9,0.0
241,Richarlison,de Andrade,MID,5,13,165,15,30,63,3070,51,478.1,814.6,1233.0,13,519,252.3,9,0,8,8.2,20.121951219512198
242,Gylfi,Sigurdsson,MID,4,2,95,77,152,22,2555,45,765.1,454.6,484.0,7,397,170.5,6,0,3,7.3,13.013698630136986
243,Bernard,Anício Caldeira Duarte,MID,2,3,72,171,232,116,1269,12,349.1,315.0,236.0,6,237,89.8,9,0,2,6.4,11.25
244,Theo,Walcott,MID,4,2,63,72,298,146,1281,19,289.1,225.0,521.0,1,186,103.7,4,0,1,6.2,10.161290322580644
245,Tom,Davies,MID,1,1,59,155,262,257,2020,34,122.6,270.4,262.0,3,233,65.5,5,0,8,5.3,11.132075471698114
246,Ademola,Lookman,MID,0,0,0,644,652,648,0,0,0.0,0.0,0.0,0,0,0.0,0,0,0,5.0,0.0
247,Idrissa,Gueye,MID,0,0,0,641,649,645,0,0,0.0,0.0,0.0,0,0,0.0,0,0,0,5.0,0.0
248,Morgan,Schneiderlin,MID,0,0,18,371,352,299,998,20,78.5,143.2,32.0,0,132,25.5,1,1,4,4.4,4.090909090909091
249,Fabian,Delph,DEF,0,0,24,385,324,243,1187,24,146.7,183.0,24.0,2,202,35.4,2,1,3,5.3,4.528301886792453
250,André Filipe,Tavares Gomes,MID,1,0,39,368,342,218,1457,20,179.4,156.6,33.0,3,184,36.4,5,0,6,5.2,7.5
251,Lewis,Gibson,DEF,0,0,0,532,572,557,0,0,0.0,0.0,0.0,0,0,0.0,0,0,0,4.2,0.0
252,Mason,Holgate,DEF,4,0,71,236,145,324,2052,34,63.9,465.4,152.0,6,412,68.3,5,0,5,4.2,16.904761904761905
253,Jonas,Lössl,GK,0,0,0,519,562,546,0,0,0.0,0.0,0.0,0,0,0.0,0,0,0,4.2,0.0
254,Moise,Kean,FWD,2,2,53,88,345,246,830,15,136.5,153.6,429.0,5,138,71.1,1,0,1,6.3,8.412698412698413
255,Jean-Philippe,Gbamin,MID,0,0,4,631,451,436,135,0,6.3,20.0,0.0,0,14,2.6,1,0,0,4.8,0.8333333333333334
256,Djibril,Sidibé,DEF,4,0,74,261,146,120,1818,30,341.5,463.0,121.0,10,386,92.5,5,0,3,5.0,14.8
257,Beni,Baningime,MID,0,0,0,563,590,580,0,0,0.0,0.0,0.0,0,0,0.0,0,0,0,4.4,0.0
258,Anthony,Gordon,FWD,1,0,17,356,401,281,436,6,98.4,76.0,44.0,1,63,21.8,0,0,0,4.5,3.7777777777777777
259,Oumar,Niasse,FWD,0,0,3,576,473,456,19,2,1.8,7.0,0.0,0,1,0.9,0,0,0,4.5,0.6666666666666666
260,Rhu-endly,Martina,DEF,0,0,0,477,527,508,0,0,0.0,0.0,0.0,0,0,0.0,0,0,0,4.0,0.0
261,João Manuel,Neves Virgínia,GK,0,0,0,490,539,521,0,0,0.0,0.0,0.0,0,0,0.0,0,0,0,4.0,0.0
262,Jarrad,Branthwaite,DEF,0,0,11,502,409,451,299,6,2.2,66.0,0.0,2,69,6.9,1,0,0,4.0,2.75
263,Ellis,Simms,FWD,0,0,0,588,611,602,0,0,0.0,0.0,0.0,0,0,0.0,0,0,0,4.5,0.0
264,Ricardo Domingos,Barbosa Pereira,DEF,2,3,123,173,44,73,2520,27,446.5,738.0,235.0,11,568,141.9,10,0,1,6.2,19.838709677419356
265,Benjamin,Chilwell,DEF,3,3,114,194,106,45,2374,26,545.4,546.0,208.0,8,501,130.0,9,0,3,5.4,21.11111111111111
266,Jonny,Evans,DEF,2,1,128,125,39,248,3384,41,131.9,755.2,325.0,12,707,121.4,13,1,7,5.3,24.150943396226417
267,Christian,Fuchs,DEF,0,0,26,391,350,340,770,10,53.5,144.4,20.0,2,139,21.8,2,0,0,4.2,6.19047619047619
268,Çaglar,Söyüncü,DEF,1,1,120,169,37,298,3036,35,79.0,755.6,238.0,12,681,107.5,12,1,4,4.9,24.489795918367346
269,Wes,Morgan,DEF,0,0,19,335,392,453,430,6,2.1,85.8,58.0,2,87,14.5,1,0,0,4.1,4.634146341463415
270,Jamie,Vardy,FWD,7,23,210,8,5,94,3032,38,418.4,1026.0,1455.0,34,775,288.8,11,0,3,9.7,21.649484536082475
271,Kelechi,Iheanacho,FWD,4,5,64,59,250,195,953,9,204.2,288.2,603.0,7,204,109.4,3,0,1,5.7,11.228070175438596
272,Kasper,Schmeichel,GK,0,0,156,449,21,378,3420,41,30.0,863.4,2.0,10,707,89.6,13,0,2,5.5,28.363636363636363
273,Eldin,Jakupovic,GK,0,0,0,507,552,535,0,0,0.0,0.0,0.0,0,0,0.0,0,0,0,4.2,0.0
274,Danny,Ward,GK,0,0,0,522,565,548,0,0,0.0,0.0,0.0,0,0,0.0,0,0,0,4.2,0.0
275,James,Maddison,MID,5,6,125,46,63,3,2624,26,1246.4,642.4,702.0,14,548,259.2,10,0,4,7.3,17.123287671232877
276,Harvey,Barnes,MID,10,6,133,33,122,51,2075,24,517.4,525.0,893.0,9,394,193.7,9,0,0,5.8,22.931034482758623
277,Rachid,Ghezzal,MID,0,0,0,647,653,650,0,0,0.0,0.0,0.0,0,0,0.0,0,0,0,5.1,0.0
278,Marc,Albrighton,MID,3,0,38,278,319,147,857,11,287.9,190.6,102.0,1,185,58.1,3,0,2,5.1,7.450980392156863
279,Demarai,Gray,MID,4,2,44,154,309,169,605,6,242.3,205.4,263.0,0,151,70.8,1,0,1,5.0,8.8
280,Wilfred,Ndidi,MID,1,2,85,197,71,164,2671,32,254.4,611.6,205.0,5,443,107.2,12,0,6,5.0,17.0
281,Matty,James,MID,0,0,1,539,502,481,5,0,0.1,0.4,0.0,0,3,0.1,0,0,0,4.3,0.23255813953488372
282,Daniel,Amartey,MID,0,0,0,526,568,552,0,0,0.0,0.0,0.0,0,0,0.0,0,0,0,4.2,0.0
283,Nampalys,Mendy,MID,0,0,11,418,418,344,288,3,51.8,57.4,9.0,0,71,11.8,1,0,0,4.3,2.558139534883721
284,Hamza,Choudhury,MID,1,1,35,300,327,312,883,12,70.0,177.6,83.0,0,153,33.1,3,1,2,4.2,8.333333333333332
285,Ayoze,Pérez,MID,5,8,129,41,105,76,1998,25,443.9,547.4,779.0,9,402,177.3,9,0,0,6.0,21.5
286,Ryan,Bennett,DEF,0,0,32,405,339,357,932,17,41.0,161.4,16.0,2,176,21.8,3,0,2,4.8,6.666666666666667
287,James,Justin,DEF,1,0,35,334,282,202,1010,14,195.0,240.6,61.0,0,196,49.6,4,0,1,4.7,7.446808510638298
288,Youri,Tielemans,MID,6,3,117,75,89,19,2823,35,805.4,566.6,502.0,5,531,187.6,12,0,2,6.1,19.18032786885246
289,Andy,King,MID,0,0,0,508,553,536,0,0,0.0,0.0,0.0,0,0,0.0,0,0,0,4.2,0.0
290,Dennis,Praet,MID,3,1,54,193,317,231,1122,17,161.6,196.2,210.0,3,203,56.5,2,0,2,5.2,10.384615384615385
291,Filip,Benkovic,DEF,0,0,0,465,517,497,0,0,0.0,0.0,0.0,0,0,0.0,0,0,0,3.9,0.0
292,Luke,Thomas,DEF,1,0,15,416,398,239,267,4,149.8,78.4,10.0,3,70,23.9,1,0,0,4.0,3.75
293,George,Hirst,FWD,0,0,2,379,490,475,9,1,0.6,3.2,25.0,0,3,2.6,0,0,0,4.5,0.4444444444444444
294,Darnell,Johnson,DEF,0,0,0,481,530,512,0,0,0.0,0.0,0.0,0,0,0.0,0,0,0,4.0,0.0
295,Andrew,Robertson,DEF,12,2,181,99,23,10,3111,31,980.2,845.8,389.0,20,847,221.7,13,0,2,7.0,25.857142857142858
296,Trent,Alexander-Arnold,DEF,15,4,210,93,4,2,3173,32,1380.3,1026.8,420.0,24,904,282.8,14,0,5,7.7,27.272727272727273
297,Virgil,van Dijk,DEF,2,5,178,80,12,236,3420,33,152.4,930.2,467.0,14,804,154.8,15,0,1,6.5,27.384615384615383
298,Joseph,Gomez,DEF,0,0,93,414,190,273,1999,16,105.7,390.6,12.0,7,461,50.9,12,0,7,5.3,17.547169811320757
299,Joel,Matip,DEF,0,1,39,363,315,399,703,5,23.0,198.2,39.0,4,167,26.2,3,0,0,5.2,7.5
300,Dejan,Lovren,DEF,1,0,18,320,316,387,776,11,28.1,196.6,72.0,0,147,29.8,0,0,1,5.3,3.3962264150943398
301,Roberto,Firmino,FWD,9,9,155,4,45,26,2985,26,703.0,733.6,1638.0,20,592,307.5,16,0,0,9.3,16.666666666666664
302,Divock,Origi,FWD,3,4,65,181,311,253,699,12,128.8,201.8,222.0,8,230,55.0,2,0,1,5.1,12.745098039215687
303,Alisson,Ramses Becker,GK,1,0,122,663,133,431,2543,24,10.0,503.0,0.0,11,558,51.5,13,1,0,6.2,19.677419354838708
304,Simon,Mignolet,GK,0,0,0,574,598,589,0,0,0.0,0.0,0.0,0,0,0.0,0,0,0,4.5,0.0
305,Mohamed,Salah,MID,10,19,233,1,3,14,2879,26,834.8,1061.2,2156.0,26,661,405.1,16,0,1,12.5,18.64
306,Sadio,Mané,MID,10,18,221,14,7,15,2745,28,826.6,1010.2,1239.0,27,689,307.7,12,0,3,12.1,18.264462809917354
307,Alex,Oxlade-Chamberlain,MID,1,4,76,96,242,141,1475,12,298.2,300.0,406.0,2,268,99.9,8,0,1,6.1,12.459016393442624
308,Xherdan,Shaqiri,MID,0,1,15,366,423,346,181,2,51.6,47.8,37.0,0,54,13.7,1,0,0,6.3,2.380952380952381
309,Adam,Lallana,MID,1,1,27,316,376,315,371,5,68.8,107.2,74.0,1,97,25.1,1,0,1,5.7,4.7368421052631575
310,Naby,Keita,MID,3,2,52,225,255,179,806,8,234.7,281.8,169.0,3,224,68.7,5,0,1,5.8,8.965517241379311
311,Fabio Henrique,Tavares,MID,3,2,77,298,170,130,2073,26,322.4,431.6,85.0,8,403,84.0,6,0,6,5.4,14.259259259259258
312,Jordan,Henderson,MID,5,4,116,146,83,88,2234,14,425.9,582.6,275.0,11,530,128.5,16,0,2,5.2,22.307692307692307
313,Georginio,Wijnaldum,MID,0,4,107,89,153,119,2933,28,344.1,452.8,423.0,5,503,122.0,12,0,0,5.4,19.814814814814813
314,James,Milner,MID,2,2,49,284,287,219,924,9,177.1,237.2,100.0,3,198,51.4,4,0,4,5.3,9.245283018867925
315,Rafael,Camacho,MID,0,0,0,587,610,601,0,0,0.0,0.0,0.0,0,0,0.0,0,0,0,4.5,0.0
316,Rhian,Brewster,FWD,0,0,0,528,570,554,0,0,0.0,0.0,0.0,0,0,0.0,0,0,0,4.2,0.0
317,Adrián,San Miguel del Castillo,GK,0,0,27,478,357,509,873,10,0.0,131.4,0.0,0,136,13.2,2,0,1,4.0,6.75
318,Andy,Lonergan,GK,0,0,0,506,551,534,0,0,0.0,0.0,0.0,0,0,0.0,0,0,0,4.2,0.0
319,Caoimhin,Kelleher,GK,0,0,0,565,592,582,0,0,0.0,0.0,0.0,0,0,0.0,0,0,0,4.4,0.0
320,Harvey,Elliott,MID,0,0,2,606,497,458,7,0,1.7,1.8,0.0,0,6,0.4,0,0,0,4.5,0.4444444444444444
321,Curtis,Jones,MID,0,1,13,328,421,412,121,1,15.6,49.4,65.0,0,46,12.9,1,0,0,4.5,2.888888888888889
322,Neco,Williams,DEF,0,0,14,285,420,341,228,2,53.3,49.4,98.0,3,53,20.0,1,0,1,4.0,3.5
323,Nathaniel,Phillips,DEF,0,0,0,463,515,495,0,0,0.0,0.0,0.0,0,0,0.0,0,0,0,3.9,0.0
324,Takumi,Minamino,MID,0,0,11,299,456,379,241,2,29.9,17.4,85.0,0,20,12.7,0,0,0,5.8,1.896551724137931
325,Ki-Jana,Hoever,DEF,0,0,0,473,523,504,0,0,0.0,0.0,0.0,0,0,0.0,0,0,0,3.9,0.0
326,Aymeric,Laporte,DEF,0,1,63,309,276,328,1096,5,62.2,246.8,79.0,0,298,38.7,8,0,1,6.3,10.0
327,Kyle,Walker,DEF,4,1,114,224,168,100,2392,24,394.4,435.6,169.0,7,573,100.1,12,0,5,5.7,20.0
328,Benjamin,Mendy,DEF,2,0,74,271,280,99,1491,13,403.2,243.0,106.0,3,378,75.5,9,0,3,5.5,13.454545454545455
329,Oleksandr,Zinchenko,DEF,0,0,49,279,291,111,1271,15,375.8,232.0,102.0,1,295,71.2,6,1,0,5.2,9.423076923076923
330,John,Stones,DEF,0,0,34,325,307,343,1118,16,53.0,216.4,66.0,0,231,33.7,3,0,0,5.3,6.415094339622642
331,Nicolás,Otamendi,DEF,1,2,82,128,159,321,1710,21,65.5,443.6,319.0,6,389,82.7,7,0,3,4.8,17.083333333333336
332,Danilo Luiz,da Silva,DEF,0,0,0,642,650,646,0,0,0.0,0.0,0.0,0,0,0.0,0,0,0,5.0,0.0
333,Sergio,Agüero,FWD,6,16,132,17,66,163,1449,18,256.4,641.2,1188.0,14,509,208.2,5,0,1,11.6,11.379310344827587
334,Gabriel Fernando,de Jesus,FWD,8,14,146,5,36,72,2018,14,447.7,757.6,1620.0,17,535,282.1,12,0,3,9.9,14.747474747474747
335,Ederson,Santana de Moraes,GK,0,0,133,662,73,410,3071,31,16.0,608.6,0.0,2,645,62.3,16,1,3,6.1,21.803278688524593
336,Claudio,Bravo,GK,0,0,11,621,417,630,346,7,0.0,57.8,0.0,0,69,5.8,1,0,0,4.7,2.3404255319148937
337,Raheem,Sterling,MID,6,20,204,2,13,23,2651,31,751.3,921.6,1829.0,20,642,350.2,13,0,5,12.0,17.0
338,Kevin,De Bruyne,MID,23,13,251,27,1,1,2790,22,1990.8,1322.2,1005.0,35,988,432.1,18,0,3,10.6,23.67924528301887
339,Leroy,Sané,MID,0,0,1,415,666,468,11,0,1.1,0.0,11.0,0,2,1.0,0,0,0,9.1,0.10989010989010989
340,Riyad,Mahrez,MID,14,11,175,22,31,13,1934,15,885.8,814.2,1094.0,17,668,279.5,10,0,0,8.6,20.348837209302328
341,Bernardo Mota,Veiga de Carvalho e Silva,MID,7,6,116,31,69,21,2021,24,773.2,626.2,927.0,7,526,232.5,9,0,5,7.6,15.263157894736842
342,David,Silva,MID,12,6,139,29,68,24,1821,15,735.8,639.6,937.0,15,549,231.2,11,0,0,7.5,18.533333333333335
343,Phil,Foden,MID,2,5,69,81,234,137,888,7,301.6,312.2,466.0,4,261,108.1,4,0,0,5.5,12.545454545454545
344,Fernando,Luiz Rosa,MID,1,0,55,219,95,244,2394,27,146.2,557.6,175.0,1,401,87.9,10,2,7,5.1,10.784313725490197
345,Ilkay,Gündogan,MID,1,2,65,102,183,36,2012,28,592.3,408.4,374.0,4,382,137.5,7,0,7,5.1,12.745098039215687
346,José Ángel,Esmorís Tasende,DEF,1,0,11,338,386,226,422,7,164.0,92.6,58.0,1,94,31.6,0,0,1,4.6,2.3913043478260874
347,Rodrigo,Hernandez,MID,2,3,92,202,78,50,2480,27,532.6,599.2,193.0,5,516,132.3,14,0,8,5.3,17.358490566037737
348,João Pedro Cavaco,Cancelo,DEF,0,0,45,242,269,148,1205,11,287.6,265.0,141.0,3,299,69.3,5,0,4,5.1,8.823529411764707
349,Eric,Garcia,DEF,0,0,38,378,346,356,790,7,42.2,153.0,26.0,0,189,22.2,5,0,1,4.5,8.444444444444445
350,Scott,Carson,GK,0,0,0,474,524,505,0,0,0.0,0.0,0.0,0,0,0.0,0,0,0,4.0,0.0
351,Taylor,Harwood-Bellis,DEF,0,0,0,494,543,525,0,0,0.0,0.0,0.0,0,0,0.0,0,0,0,4.0,0.0
352,Cole,Palmer,MID,0,0,0,596,620,610,0,0,0.0,0.0,0.0,0,0,0.0,0,0,0,4.5,0.0
353,Tommy,Doyle,MID,0,0,1,426,487,454,15,0,2.0,3.8,7.0,0,3,1.3,0,0,0,4.5,0.2222222222222222
354,Aaron,Wan-Bissaka,DEF,4,0,127,247,40,77,3070,33,443.3,749.2,133.0,16,659,132.8,12,0,8,5.5,23.09090909090909
355,Harry,Maguire,DEF,0,1,123,104,34,189,3420,36,214.6,772.0,371.0,5,681,136.2,13,0,6,5.3,23.20754716981132
356,Chris,Smalling,DEF,0,0,0,648,654,651,0,0,0.0,0.0,0.0,0,0,0.0,0,0,0,5.2,0.0
357,Ashley,Young,DEF,0,0,24,400,343,133,953,10,316.6,155.6,18.0,0,158,49.1,2,0,5,5.4,4.444444444444444
358,Victor,Lindelöf,DEF,0,1,116,308,99,305,3092,32,73.6,554.0,79.0,9,618,70.7,12,0,6,5.3,21.88679245283019
359,Luke,Shaw,DEF,0,0,67,208,218,131,1730,15,321.2,344.2,187.0,2,381,85.1,8,0,7,5.4,12.407407407407407
360,Marcos,Rojo,DEF,0,0,3,433,450,455,121,2,1.9,20.2,6.0,0,9,2.8,0,0,1,4.8,0.625
361,Eric,Bailly,DEF,0,0,9,627,438,470,148,1,1.0,32.0,0.0,0,40,3.3,1,0,0,4.7,1.9148936170212765
362,José Diogo,Dalot Teixeira,DEF,0,0,4,434,466,442,65,1,4.3,10.4,6.0,0,10,1.9,0,0,0,4.9,0.8163265306122448
363,Matteo,Darmian,DEF,0,0,0,636,645,640,0,0,0.0,0.0,0.0,0,0,0.0,0,0,0,4.9,0.0
364,Phil,Jones,DEF,0,0,2,387,449,448,135,3,3.0,21.4,23.0,0,22,4.7,0,0,0,4.7,0.425531914893617
365,Romelu,Lukaku,FWD,0,0,0,666,665,666,0,0,0.0,0.0,0.0,0,0,0.0,0,0,0,8.5,0.0
366,Marcus,Rashford,FWD,8,17,177,13,19,40,2645,29,563.7,887.0,1265.0,31,665,271.7,9,0,3,8.9,19.8876404494382
367,Mason,Greenwood,FWD,1,10,103,74,157,184,1303,13,222.7,449.6,502.0,17,430,117.0,6,0,0,4.8,21.458333333333336
368,David,de Gea,GK,0,0,143,655,55,657,3420,36,0.0,695.0,0.0,8,630,69.2,13,0,2,5.3,26.9811320754717
369,Sergio,Romero,GK,0,0,0,616,637,627,0,0,0.0,0.0,0.0,0,0,0.0,0,0,0,4.6,0.0
370,Lee,Grant,GK,0,0,0,620,639,629,0,0,0.0,0.0,0.0,0,0,0.0,0,0,0,4.7,0.0
371,Paul,Pogba,MID,4,1,51,203,245,93,1202,9,420.0,295.8,193.0,2,215,91.0,6,0,1,8.3,6.144578313253011
372,Anthony,Martial,MID,9,17,200,11,22,80,2625,27,439.3,855.6,1297.0,14,544,259.4,14,0,1,8.5,23.529411764705884
373,Alexis,Sánchez,MID,0,0,0,664,663,664,0,0,0.0,0.0,0.0,0,0,0.0,0,0,0,6.8,0.0
374,Jesse,Lingard,MID,0,1,32,135,375,151,923,14,278.2,109.0,297.0,0,99,68.2,1,0,3,6.3,5.079365079365079
375,Juan,Mata,MID,2,0,38,251,374,142,747,8,293.9,109.2,130.0,2,139,53.4,4,0,1,6.1,6.229508196721312
376,Daniel,James,MID,6,3,95,58,180,86,2281,29,428.1,415.2,622.0,2,308,146.0,7,0,4,5.7,16.666666666666668
377,Frederico,Rodrigues de Paula Santos,MID,0,0,50,157,172,46,2157,26,542.7,430.6,260.0,0,358,123.5,6,0,8,5.1,9.803921568627452
378,Angel,Gomes,MID,0,0,2,446,483,396,19,1,24.8,4.2,2.0,0,7,3.1,0,0,0,4.7,0.425531914893617
379,Andreas,Pereira,MID,3,1,60,115,279,84,1478,16,432.1,245.6,343.0,1,198,102.3,6,0,3,4.7,12.76595744680851
380,Nemanja,Matic,MID,2,0,55,346,205,165,1578,13,250.3,357.4,53.0,2,287,66.2,10,0,2,4.8,11.458333333333334
381,Scott,McTominay,MID,2,3,74,131,179,175,1765,20,238.4,415.6,310.0,6,310,96.4,3,0,2,4.8,15.416666666666668
382,Tahith,Chong,MID,0,0,3,430,498,467,34,0,1.1,1.4,6.0,0,6,0.7,0,0,0,4.2,0.7142857142857143
383,James,Garner,MID,0,0,1,551,494,449,8,1,2.8,2.2,0.0,0,3,0.5,0,0,0,4.3,0.23255813953488372
384,Axel,Tuanzebe,DEF,0,0,7,560,455,437,187,3,6.2,17.6,0.0,0,30,2.4,0,0,0,4.4,1.5909090909090908
385,Brandon,Williams,DEF,1,1,51,281,313,204,1003,11,191.2,200.0,100.0,3,228,49.2,5,0,6,3.8,13.421052631578949
386,Bruno Miguel,Borges Fernandes,MID,8,8,117,107,102,62,1187,6,479.3,551.8,361.0,18,366,139.2,9,0,2,9.0,13.0
387,Odion,Ighalo,FWD,0,0,11,246,447,398,92,0,23.8,23.0,135.0,0,24,18.1,0,0,0,5.9,1.8644067796610169
388,Timothy,Fosu-Mensah,DEF,0,0,7,432,465,383,136,1,28.6,12.0,6.0,0,27,4.2,1,0,1,4.5,1.5555555555555556
389,Matt,Ritchie,DEF,1,2,74,185,252,59,1312,19,482.7,285.4,218.0,7,293,98.6,8,0,4,5.3,13.962264150943398
390,Fabian,Schär,DEF,1,2,55,215,160,332,1669,38,58.3,440.6,179.0,2,297,67.8,4,0,5,5.0,11.0
391,DeAndre,Yedlin,DEF,0,1,26,358,336,259,934,18,118.1,165.6,43.0,0,122,32.9,1,0,3,4.4,5.909090909090908
392,Federico,Fernández,DEF,3,2,102,180,42,303,2617,42,74.5,741.0,223.0,13,507,103.7,8,0,8,4.6,22.17391304347826
393,Paul,Dummett,DEF,0,0,44,347,268,326,1227,20,63.1,265.2,50.0,4,230,37.7,5,0,2,4.3,10.232558139534884
394,Javier,Manquillo,DEF,1,0,65,361,290,278,1597,21,100.8,232.0,40.0,4,288,37.3,8,0,5,4.3,15.116279069767442
395,Florian,Lejeune,DEF,0,2,24,303,356,419,440,10,12.6,132.0,81.0,1,88,22.5,1,0,0,4.3,5.5813953488372094
396,Jamaal,Lascelles,DEF,0,1,73,255,184,386,2076,31,28.1,403.0,125.0,3,358,55.7,8,0,5,4.2,17.38095238095238
397,Ciaran,Clark,DEF,0,2,49,252,224,414,1186,14,14.9,331.4,128.0,2,216,47.6,4,0,3,4.3,11.395348837209303
398,Yoshinori,Muto,FWD,0,0,9,413,464,413,207,7,15.4,12.6,12.0,0,25,3.7,0,0,0,5.1,1.7647058823529413
399,Jose Luis,Mato Sanmartín,FWD,0,0,0,640,648,644,0,0,0.0,0.0,0.0,0,0,0.0,0,0,0,5.0,0.0
400,Martin,Dubravka,GK,0,0,143,645,6,649,3420,58,0.0,1019.0,0.0,7,719,102.0,11,0,0,5.1,28.039215686274513
401,Karl,Darlow,GK,0,0,0,538,576,561,0,0,0.0,0.0,0.0,0,0,0.0,0,0,0,4.3,0.0
402,Frederick,Woodman,GK,0,0,0,460,512,492,0,0,0.0,0.0,0.0,0,0,0.0,0,0,0,3.9,0.0
403,Miguel,Almirón,MID,2,4,109,44,142,71,3020,48,450.2,481.6,750.0,5,356,168.0,12,0,5,5.8,18.79310344827586
404,Christian,Atsu,MID,3,0,37,343,361,209,738,15,186.7,121.4,55.0,0,104,36.3,3,0,2,5.3,6.981132075471699
405,Sung-yueng,Ki,MID,0,0,4,623,454,362,135,6,39.8,17.8,0.0,0,18,5.8,0,0,0,4.7,0.851063829787234
406,Jonjo,Shelvey,MID,2,6,105,114,94,35,2118,34,597.4,559.4,344.0,15,437,150.4,8,0,3,4.9,21.428571428571427
407,Sean,Longstaff,MID,2,1,44,233,288,187,1370,26,217.1,235.8,155.0,0,181,60.8,2,1,2,5.0,8.8
408,Isaac,Hayden,MID,4,1,73,206,199,182,2220,36,227.6,368.6,189.0,3,309,78.5,8,1,4,4.4,16.59090909090909
409,Danny,Rose,DEF,0,0,47,357,249,181,1753,28,230.8,288.4,44.0,0,290,56.5,5,0,7,5.3,8.867924528301888
410,Joelinton Cássio,Apolinário de Lira,FWD,2,2,78,52,225,82,2678,46,433.4,330.8,641.0,3,236,140.5,9,0,7,5.5,14.181818181818182
411,Jack,Colback,MID,0,0,0,537,575,560,0,0,0.0,0.0,0.0,0,0,0.0,0,0,0,4.3,0.0
412,Jacob,Murphy,MID,0,0,0,624,640,631,0,0,0.0,0.0,0.0,0,0,0.0,0,0,0,4.7,0.0
413,Jetro,Willems,DEF,2,2,64,200,217,200,1492,24,196.0,345.4,198.0,6,283,74.1,3,0,0,4.3,14.883720930232558
414,Rolando,Aarons,MID,0,0,0,630,642,636,0,0,0.0,0.0,0.0,0,0,0.0,0,0,0,4.8,0.0
415,Allan,Saint-Maximin,MID,5,3,92,66,169,91,1860,22,423.4,434.0,542.0,7,321,139.8,8,0,0,5.2,17.692307692307693
416,Emil,Krafth,DEF,1,0,37,362,323,382,1015,23,28.8,184.4,39.0,2,187,25.2,3,0,0,4.3,8.604651162790699
417,Andy,Carroll,FWD,4,0,34,189,353,230,617,10,162.0,136.6,211.0,0,87,51.1,2,0,1,5.4,6.296296296296296
418,Matthew,Longstaff,MID,0,2,27,349,382,345,572,11,51.6,102.8,49.0,2,104,20.4,1,0,1,4.5,6.0
419,Dwight,Gayle,FWD,2,4,58,112,305,290,842,15,86.2,217.0,348.0,10,190,64.7,4,0,2,5.0,11.6
420,Robert,Elliot,GK,0,0,0,475,525,506,0,0,0.0,0.0,0.0,0,0,0.0,0,0,0,4.0,0.0
421,Thomas,Allan,MID,0,0,0,592,616,606,0,0,0.0,0.0,0.0,0,0,0.0,0,0,0,4.5,0.0
422,Kelland,Watts,DEF,0,0,1,472,495,503,16,1,0.0,2.0,0.0,0,3,0.2,0,0,0,3.9,0.25641025641025644
423,Liam,Gibson,DEF,0,0,0,480,529,511,0,0,0.0,0.0,0.0,0,0,0.0,0,0,0,4.0,0.0
424,Nabil,Bentaleb,MID,0,0,19,394,381,277,747,16,101.0,104.6,20.0,0,113,22.5,2,0,2,4.7,4.042553191489362
425,Valentino,Lazaro,MID,0,1,19,365,394,287,472,13,88.1,84.2,38.0,0,81,21.0,0,1,0,5.3,3.5849056603773586
426,Jack,Young,MID,0,0,0,593,617,607,0,0,0.0,0.0,0.0,0,0,0.0,0,0,0,4.5,0.0
427,Timm,Klose,DEF,0,0,9,360,362,450,585,13,2.6,121.2,42.0,0,77,16.6,0,0,0,4.3,2.0930232558139537
428,Ben,Godfrey,DEF,0,0,38,263,75,334,2644,62,57.0,602.8,119.0,0,447,78.3,3,1,3,4.4,8.636363636363635
429,Maximillian,Aarons,DEF,2,0,66,170,88,104,3240,71,385.2,566.6,237.0,3,489,119.0,5,0,7,4.2,15.714285714285714
430,Christoph,Zimmermann,DEF,1,0,35,332,200,392,1430,27,25.5,366.4,62.0,1,247,45.6,3,0,3,4.4,7.954545454545454
431,Jamal,Lewis,DEF,0,1,48,249,161,161,2301,56,262.2,439.0,130.0,3,384,83.3,3,0,4,4.4,10.909090909090908
432,Grant,Hanley,DEF,0,0,23,313,229,446,1261,25,3.6,318.8,76.0,1,214,40.0,2,0,4,4.0,5.75
433,Teemu,Pukki,FWD,3,11,139,16,108,107,2884,59,379.5,545.0,1202.0,21,444,211.8,6,0,3,6.4,21.71875
434,Dennis,Srbeny,FWD,0,1,13,381,430,447,41,2,3.4,44.2,25.0,1,50,7.0,0,0,0,5.2,2.5
435,Tim,Krul,GK,0,0,109,615,2,626,3240,68,0.0,1063.0,0.0,10,668,106.3,5,0,4,4.6,23.695652173913047
436,Michael,McGovern,GK,0,0,11,503,410,533,158,6,0.0,65.0,0.0,2,46,6.5,0,0,0,4.1,2.682926829268293
437,Mario,Vrancic,MID,0,1,29,256,360,270,624,19,107.9,123.0,123.0,1,116,35.4,0,0,3,6.2,4.67741935483871
438,Emiliano,Buendía,MID,7,1,94,98,51,6,2458,54,1196.7,711.6,401.0,12,464,231.1,3,1,6,6.0,15.666666666666666
439,Onel,Hernández,MID,2,1,52,83,294,176,1374,32,235.5,227.2,445.0,0,173,90.5,1,0,0,5.3,9.81132075471698
440,Marco,Stiepermann,MID,0,0,32,145,363,206,1173,32,188.1,120.2,277.0,0,96,58.5,1,0,6,5.0,6.4
441,Kenny,McLean,MID,1,1,77,148,130,90,2965,63,423.9,505.8,274.0,0,424,120.4,5,0,5,4.8,16.041666666666668
442,Todd,Cantwell,MID,2,6,111,50,127,56,2484,54,493.1,516.4,656.0,10,410,165.9,6,0,6,4.5,24.666666666666668
443,Moritz,Leitner,MID,0,0,16,345,378,255,683,16,127.7,106.8,53.0,0,102,28.8,1,0,1,4.3,3.7209302325581395
444,Alexander,Tettey,MID,1,1,67,222,204,261,2339,44,116.5,358.0,173.0,3,404,64.9,5,0,5,4.4,15.227272727272727
445,Tom,Trybull,MID,0,0,28,292,314,337,1128,25,55.4,198.2,92.0,0,172,34.7,2,0,2,4.3,6.511627906976744
446,Josip,Drmic,FWD,0,1,26,175,415,318,636,13,67.3,59.6,231.0,0,67,35.3,0,1,0,5.3,4.90566037735849
447,Patrick,Roberts,MID,0,0,3,643,482,476,24,2,0.6,4.4,0.0,0,12,0.5,0,0,0,5.0,0.6
448,Ralf,Fahrmann,GK,0,0,1,554,486,573,21,1,0.0,4.0,0.0,0,6,0.4,0,0,0,4.4,0.22727272727272727
449,Sam,Byram,DEF,0,0,32,184,260,265,1292,23,109.2,273.2,218.0,2,201,60.2,3,0,4,4.3,7.441860465116279
450,Philip,Heise,DEF,0,0,0,459,511,491,0,0,0.0,0.0,0.0,0,0,0.0,0,0,0,3.9,0.0
451,Ibrahim,Amadou,MID,0,0,18,372,328,406,756,20,18.3,177.2,31.0,0,122,22.7,1,0,1,4.5,4.0
452,Adam,Idah,FWD,0,0,13,352,461,407,219,9,18.2,13.8,47.0,0,25,7.1,0,0,0,4.4,2.954545454545454
453,Archie,Mair,GK,0,0,0,492,541,523,0,0,0.0,0.0,0.0,0,0,0.0,0,0,0,4.0,0.0
454,Akin,Famewo,DEF,0,0,1,470,521,501,1,0,0.0,0.0,0.0,0,3,0.0,0,0,0,3.9,0.25641025641025644
455,Ondrej,Duda,MID,1,0,24,273,368,162,723,9,261.6,115.8,105.0,0,131,48.3,3,0,0,4.4,5.454545454545454
456,Lukas,Rupp,MID,0,0,19,296,405,266,692,18,109.1,70.2,88.0,0,79,26.4,1,0,1,4.4,4.3181818181818175
457,Josh,Martin,MID,0,0,5,402,475,473,32,2,0.8,6.6,17.0,0,14,2.5,0,0,0,4.5,1.1111111111111112
458,Jordan,Thomas,DEF,0,0,1,496,545,527,1,0,0.0,0.0,0.0,0,3,0.0,0,0,0,4.0,0.25
459,Daniel,Adshead,MID,0,0,0,602,625,615,0,0,0.0,0.0,0.0,0,0,0.0,0,0,0,4.5,0.0
460,Lys,Mousset,FWD,4,6,84,70,240,227,1223,15,163.1,303.0,530.0,11,248,98.1,3,0,1,4.3,19.53488372093023
461,Enda,Stevens,DEF,4,2,142,119,67,42,3345,39,554.5,641.0,338.0,8,639,153.5,13,0,7,5.2,27.307692307692307
462,Kieron,Freeman,DEF,0,0,2,520,563,477,6,0,0.3,0.0,0.0,0,5,0.0,0,0,0,4.2,0.47619047619047616
463,Jack,O'Connell,DEF,1,0,111,165,85,160,2915,28,262.3,576.6,246.0,6,552,108.6,12,0,4,4.5,24.666666666666668
464,George,Baldock,DEF,4,2,142,167,93,58,3420,39,485.7,559.8,241.0,7,602,128.6,13,0,7,5.0,28.4
465,John,Egan,DEF,1,2,133,61,64,394,3187,33,25.4,641.4,587.0,9,592,125.4,13,1,3,4.7,28.29787234042553
466,Richard,Stearman,DEF,0,0,0,452,507,485,0,0,0.0,0.0,0.0,0,0,0.0,0,0,0,3.9,0.0
467,John,Lundstram,DEF,4,5,144,82,134,106,2452,29,382.9,502.8,449.0,15,539,133.9,10,0,5,4.6,31.30434782608696
468,Billy,Sharp,FWD,2,3,57,113,330,210,1037,10,186.2,175.4,348.0,9,159,69.9,4,1,1,5.2,10.961538461538462
469,Jake,Eastwood,GK,0,0,0,548,582,569,0,0,0.0,0.0,0.0,0,0,0.0,0,0,0,4.3,0.0
470,Mark,Duffy,MID,0,0,0,649,655,652,0,0,0.0,0.0,0.0,0,0,0.0,0,0,0,5.2,0.0
471,John,Fleck,MID,2,5,101,94,121,28,2515,30,648.8,527.4,419.0,13,464,159.6,8,0,8,4.7,21.48936170212766
472,Oliver,Norwood,MID,3,1,98,282,74,18,3089,36,808.8,608.4,100.0,6,563,151.8,13,0,8,4.7,20.851063829787233
473,David,McGoldrick,FWD,2,2,65,62,238,156,1810,18,268.4,303.4,584.0,6,201,115.2,7,0,2,5.4,12.037037037037036
474,Chris,Basham,DEF,1,0,123,274,52,192,3242,37,212.1,707.6,103.0,6,639,102.7,13,0,4,4.6,26.73913043478261
475,Simon,Moore,GK,0,0,3,540,443,562,180,6,0.0,28.0,0.0,0,23,2.8,0,0,0,4.3,0.6976744186046512
476,Luke,Freeman,MID,0,0,13,380,426,300,360,5,77.4,46.2,25.0,0,38,14.9,1,0,2,5.0,2.6
477,Phil,Jagielka,DEF,0,0,6,443,402,440,240,6,4.8,75.4,2.0,0,50,8.2,0,0,0,4.1,1.4634146341463417
478,Callum,Robinson,MID,2,1,33,232,397,308,669,6,72.8,79.8,156.0,1,73,30.4,2,0,1,4.9,6.73469387755102
479,Ravel,Morrison,MID,0,0,1,438,600,474,12,0,0.6,0.0,4.0,0,0,0.2,0,0,0,4.5,0.2222222222222222
480,Dean,Henderson,GK,1,0,160,399,48,430,3240,33,10.0,718.8,18.0,16,688,74.8,13,0,2,5.2,30.769230769230766
481,Ben,Osborn,MID,0,0,19,329,399,268,590,4,108.5,78.4,65.0,0,84,25.3,2,0,0,4.7,4.042553191489362
482,Oliver,McBurnie,FWD,1,6,86,38,174,208,2105,25,186.9,424.4,830.0,6,300,143.7,9,0,4,5.5,15.636363636363637
483,Michael,Verrips,GK,0,0,0,562,589,579,0,0,0.0,0.0,0.0,0,0,0.0,0,0,0,4.4,0.0
484,Muhamed,Bešić,MID,0,0,9,375,436,401,243,2,21.5,34.2,29.0,0,40,8.5,0,0,2,4.3,2.0930232558139537
485,Leon,Clarke,FWD,0,0,2,431,485,461,33,2,1.6,4.0,6.0,0,3,1.0,0,0,0,4.4,0.45454545454545453
486,Jack,Rodwell,MID,0,0,1,571,499,587,15,0,0.0,1.2,0.0,0,3,0.1,0,0,0,4.5,0.2222222222222222
487,Jack,Robinson,DEF,0,0,14,441,377,375,504,11,30.4,106.8,2.0,2,87,14.0,1,0,0,4.0,3.5
488,Sander,Berge,MID,1,1,40,301,347,320,943,11,66.0,152.4,82.0,3,147,30.3,4,0,0,4.7,8.51063829787234
489,Richairo,Zivkovic,FWD,0,0,5,388,468,384,107,4,28.6,9.4,22.0,0,15,6.1,0,0,0,4.7,1.0638297872340425
490,Panagiotis,Retsos,DEF,0,0,0,590,613,604,0,0,0.0,0.0,0.0,0,0,0.0,0,0,0,4.5,0.0
491,Jannik,Vestergaard,DEF,0,1,51,212,201,295,1496,26,81.3,363.8,183.0,6,286,62.8,4,0,3,4.5,11.333333333333334
492,Ryan,Bertrand,DEF,1,1,75,174,164,49,2742,52,538.5,436.8,234.0,0,432,121.1,7,1,3,4.8,15.625
493,Yan,Valery,DEF,1,0,18,312,370,353,778,20,44.2,112.0,77.0,0,93,23.3,1,0,1,4.6,3.91304347826087
494,Jan,Bednarek,DEF,1,1,84,290,46,351,3057,57,45.5,729.8,95.0,5,539,87.5,7,0,4,4.4,19.09090909090909
495,Jack,Stephens,DEF,3,1,85,287,90,276,2451,39,101.5,566.2,97.0,8,432,76.6,7,1,4,4.4,19.318181818181817
496,Maya,Yoshida,DEF,0,0,10,310,385,444,558,18,3.7,96.8,77.0,1,85,17.7,1,0,1,4.1,2.439024390243903
497,Kayne,Ramsay,DEF,0,0,0,471,522,502,0,0,0.0,0.0,0.0,0,0,0.0,0,0,0,3.9,0.0
498,Charlie,Austin,FWD,0,0,0,661,662,663,0,0,0.0,0.0,0.0,0,0,0.0,0,0,0,6.0,0.0
499,Danny,Ings,FWD,2,22,198,6,8,69,2800,44,458.3,1010.0,1558.0,40,736,302.4,6,0,3,7.6,26.05263157894737
500,Michael,Obafemi,FWD,2,3,45,172,334,250,655,12,130.7,170.8,235.0,2,165,53.4,3,0,1,4.9,9.183673469387754
501,Shane,Long,FWD,3,2,62,68,318,159,1386,20,264.8,190.8,536.0,4,159,99.4,5,0,0,4.6,13.478260869565219
502,Sam,Gallagher,FWD,0,0,0,577,601,591,0,0,0.0,0.0,0.0,0,0,0.0,0,0,0,4.5,0.0
503,Fraser,Forster,GK,0,0,0,516,560,544,0,0,0.0,0.0,0.0,0,0,0.0,0,0,0,4.2,0.0
504,Alex,McCarthy,GK,0,0,104,572,61,429,2520,35,10.0,652.0,0.0,8,491,66.0,7,0,0,4.5,23.11111111111111
505,Angus,Gunn,GK,0,0,29,524,303,550,900,25,0.0,219.4,0.0,3,166,22.1,2,0,0,4.2,6.904761904761904
506,Nathan,Redmond,MID,4,4,107,42,126,47,2763,51,539.1,517.2,752.0,8,412,181.2,7,0,2,6.2,17.258064516129032
507,James,Ward-Prowse,MID,4,5,117,65,20,9,3420,60,989.9,864.6,548.0,8,587,240.7,9,0,9,5.7,20.526315789473685
508,Mohamed,Elyounoussi,MID,0,0,0,650,656,653,0,0,0.0,0.0,0.0,0,0,0.0,0,0,0,5.2,0.0
509,Stuart,Armstrong,MID,4,5,98,86,178,153,1706,25,274.9,418.2,431.0,10,301,112.4,7,0,4,5.2,18.846153846153847
510,Mario,Lemina,MID,0,0,0,618,638,628,0,0,0.0,0.0,0.0,0,0,0.0,0,0,0,4.6,0.0
511,Pierre-Emile,Højbjerg,MID,3,0,75,105,138,65,2750,51,469.0,493.0,368.0,1,412,133.1,7,0,5,4.8,15.625
512,Tyreke,Johnson,MID,0,0,0,566,593,583,0,0,0.0,0.0,0.0,0,0,0.0,0,0,0,4.4,0.0
513,Callum,Slattery,MID,0,0,0,561,588,578,0,0,0.0,0.0,0.0,0,0,0.0,0,0,0,4.4,0.0
514,Oriol,Romeu Vidal,MID,0,0,51,322,223,155,1855,38,272.9,333.2,69.0,1,301,67.6,5,0,5,4.3,11.86046511627907
515,Kyle,Walker-Peters,DEF,1,0,32,351,335,267,944,12,108.6,168.2,48.0,2,194,32.2,2,0,1,4.4,7.2727272727272725
516,Che,Adams,FWD,4,4,78,71,295,212,1095,17,184.9,226.2,524.0,8,242,92.3,4,0,0,5.3,14.716981132075473
517,Moussa,Djenepo,MID,2,2,40,161,299,234,920,14,153.4,224.4,252.0,3,151,62.9,2,1,4,5.2,7.692307692307692
518,Wesley,Hoedt,DEF,0,0,0,527,569,553,0,0,0.0,0.0,0.0,0,0,0.0,0,0,0,4.2,0.0
519,Sofiane,Boufal,MID,3,0,34,152,349,196,753,17,203.7,149.4,267.0,0,99,62.0,1,0,2,5.5,6.181818181818182
520,Kevin,Danso,DEF,1,0,9,429,416,391,275,8,26.0,58.4,6.0,0,46,8.9,1,1,0,4.2,2.142857142857143
521,Daniel,N'Lundulu,FWD,0,0,0,564,591,581,0,0,0.0,0.0,0.0,0,0,0.0,0,0,0,4.4,0.0
522,Harry,Lewis,GK,0,0,0,484,533,515,0,0,0.0,0.0,0.0,0,0,0.0,0,0,0,4.0,0.0
523,William,Smallbone,MID,2,0,24,359,406,342,389,4,53.2,70.2,43.0,1,84,16.5,3,0,0,4.5,5.333333333333333
524,Nathan,Tella,MID,0,0,1,401,492,597,2,0,0.0,3.0,17.0,0,3,2.0,0,0,0,4.5,0.2222222222222222
525,Jake,Vokins,DEF,0,0,2,440,469,409,90,1,16.7,8.4,3.0,0,10,2.8,0,0,0,4.0,0.5
526,Alexandre,Jankewitz,MID,0,0,0,608,630,619,0,0,0.0,0.0,0.0,0,0,0.0,0,0,0,4.5,0.0
527,Will,Ferry,MID,0,0,0,599,623,613,0,0,0.0,0.0,0.0,0,0,0.0,0,0,0,4.5,0.0
528,Jacob,Maddox,MID,0,0,0,579,603,593,0,0,0.0,0.0,0.0,0,0,0.0,0,0,0,4.5,0.0
529,Ben,Davies,DEF,0,0,41,291,256,220,1430,19,172.4,279.8,94.0,2,223,54.4,4,0,6,5.3,7.735849056603774
530,Jan,Vertonghen,DEF,1,1,62,331,186,336,1644,24,56.1,398.4,63.0,5,346,51.9,4,0,2,5.2,11.923076923076923
531,Toby,Alderweireld,DEF,2,2,97,213,33,201,2957,39,196.0,773.6,182.0,6,576,115.2,7,0,7,5.3,18.30188679245283
532,Davinson,Sánchez,DEF,2,0,64,302,104,374,2431,37,31.0,550.0,82.0,4,443,66.5,4,0,6,5.3,12.075471698113208
533,Kieran,Trippier,DEF,0,0,0,660,661,662,0,0,0.0,0.0,0.0,0,0,0.0,0,0,0,5.5,0.0
534,Juan,Foyth,DEF,0,0,3,634,453,420,66,3,12.5,18.6,0.0,0,9,3.1,0,0,1,4.8,0.625
535,Serge,Aurier,DEF,7,1,124,160,60,53,2699,33,508.1,655.2,252.0,15,623,141.6,9,1,2,5.1,24.31372549019608
536,Harry,Kane,FWD,2,18,158,23,24,103,2588,36,391.0,843.8,1071.0,26,587,230.6,6,0,4,11.0,14.363636363636363
537,Vincent,Janssen,FWD,0,0,0,578,602,592,0,0,0.0,0.0,0.0,0,0,0.0,0,0,0,4.5,0.0
538,Hugo,Lloris,GK,0,0,98,653,91,655,1808,21,0.0,564.6,0.0,13,422,56.5,6,0,0,5.3,18.49056603773585
539,Paulo,Gazzaniga,GK,0,0,58,504,156,427,1612,26,10.0,449.8,0.0,6,300,46.1,2,0,1,4.1,14.146341463414636
540,Heung-Min,Son,MID,13,11,169,18,32,32,2478,32,606.1,800.6,1144.0,18,544,254.6,7,2,0,9.7,17.422680412371136
541,Christian,Eriksen,MID,2,2,48,179,271,117,1090,18,348.9,262.4,225.0,6,205,83.3,1,0,5,8.6,5.5813953488372094
542,Bamidele,Alli,MID,6,8,117,56,118,126,1845,25,328.6,531.2,627.0,12,349,148.9,4,0,2,8.3,14.096385542168674
543,Lucas,Rodrigues Moura da Silva,MID,5,4,100,43,137,64,2235,29,477.1,494.6,751.0,3,330,172.1,6,0,3,7.0,14.285714285714286
544,Erik,Lamela,MID,5,2,65,120,296,149,1203,12,284.2,226.2,337.0,2,220,84.5,5,0,3,5.7,11.403508771929824
545,Harry,Winks,MID,0,0,52,315,203,128,2223,31,323.4,361.8,74.0,0,369,76.1,6,0,9,5.2,10.0
546,Victor,Wanyama,MID,0,0,1,622,501,471,24,2,0.9,1.2,0.0,0,5,0.2,0,0,1,4.7,0.2127659574468085
547,Moussa,Sissoko,MID,1,2,69,207,216,152,2451,31,275.7,346.0,189.0,0,386,81.0,7,0,8,4.8,14.375
548,Eric,Dier,MID,2,0,36,341,243,280,1340,23,100.2,297.2,56.0,0,172,45.6,3,0,5,4.8,7.5
549,Luke,Amos,MID,0,0,0,558,586,576,0,0,0.0,0.0,0.0,0,0,0.0,0,0,0,4.4,0.0
550,Oliver,Skipp,MID,0,0,7,530,459,460,74,1,1.6,15.2,0.0,0,23,1.8,0,0,0,4.2,1.6666666666666665
551,Tanguy,Ndombele,MID,2,2,45,259,259,203,1002,17,194.8,274.2,122.0,2,220,59.2,1,0,3,5.8,7.758620689655173
552,Troy,Parrott,FWD,0,0,2,553,503,482,6,0,0.1,0.2,0.0,0,6,0.0,0,0,0,4.3,0.46511627906976744
553,Giovani,Lo Celso,MID,3,0,54,218,239,67,1482,18,459.4,303.2,176.0,3,250,93.9,6,0,6,7.3,7.397260273972603
554,Ryan,Sessegnon,MID,0,0,9,367,427,361,341,5,39.9,45.4,34.0,0,41,11.9,0,0,0,5.4,1.6666666666666665
555,Georges-Kévin,Nkoudou,MID,0,0,1,398,651,647,2,0,0.0,0.0,18.0,0,3,1.8,0,0,0,5.0,0.2
556,Alfie,Whiteman,GK,0,0,0,482,531,513,0,0,0.0,0.0,0.0,0,0,0.0,0,0,0,4.0,0.0
557,Michel,Vorm,GK,0,0,0,514,558,542,0,0,0.0,0.0,0.0,0,0,0.0,0,0,0,4.2,0.0
558,Brandon,Austin,GK,0,0,0,487,536,518,0,0,0.0,0.0,0.0,0,0,0.0,0,0,0,4.0,0.0
559,Japhet,Tanganga,DEF,0,0,17,390,354,408,525,7,17.2,134.4,20.0,0,100,17.1,2,0,1,3.9,4.3589743589743595
560,Gedson,Carvalho Fernandes,MID,0,0,7,393,457,370,62,1,34.3,17.2,20.0,0,20,7.2,0,0,0,4.6,1.5217391304347827
561,Steven,Bergwijn,MID,1,3,43,239,332,207,699,9,187.3,174.2,147.0,5,141,50.8,2,0,2,6.9,6.231884057971014
562,Harvey,White,MID,0,0,0,607,629,618,0,0,0.0,0.0,0.0,0,0,0.0,0,0,0,4.5,0.0
563,Dennis,Cirkin,DEF,0,0,0,501,550,532,0,0,0.0,0.0,0.0,0,0,0.0,0,0,0,4.0,0.0
564,José,Holebas,DEF,1,0,21,333,333,193,1022,28,208.4,171.4,62.0,0,153,44.1,2,0,5,4.6,4.565217391304349
565,Christian,Kabasele,DEF,2,0,73,227,143,339,2250,35,55.3,477.0,164.0,4,382,69.9,7,2,1,4.3,16.976744186046513
566,Adam,Masina,DEF,0,1,66,268,211,198,1815,31,201.3,351.2,109.0,4,281,66.4,6,0,3,4.3,15.348837209302326
567,Adrian,Mariappa,DEF,0,0,26,370,306,302,1509,33,75.2,216.6,32.0,1,185,31.7,3,1,4,4.1,6.341463414634147
568,Francisco,Femenía Far,DEF,1,0,54,336,202,132,2236,46,320.9,363.2,58.0,0,366,74.4,5,0,5,4.2,12.857142857142856
569,Craig,Cathcart,DEF,0,0,77,339,150,368,2488,37,34.8,458.0,57.0,3,441,55.1,9,0,7,4.1,18.78048780487805
570,Daryl,Janmaat,DEF,1,0,36,354,367,269,606,5,108.4,116.0,46.0,7,148,27.1,4,0,1,4.0,9.0
571,Marc,Navarro,DEF,0,0,0,467,518,498,0,0,0.0,0.0,0.0,0,0,0.0,0,0,0,3.9,0.0
572,Sebastian,Prödl,DEF,0,0,1,421,496,480,56,0,0.1,1.8,8.0,0,3,1.0,0,0,0,3.9,0.25641025641025644
573,Troy,Deeney,FWD,2,10,109,40,113,109,2224,39,378.5,536.0,801.0,15,403,171.4,6,0,3,6.2,17.580645161290324
574,Gerard,Deulofeu,FWD,5,4,88,32,149,33,2097,33,602.3,458.4,896.0,9,330,195.4,8,0,3,6.1,14.426229508196721
575,Andre,Gray,FWD,1,2,39,139,379,252,741,17,129.5,106.2,287.0,2,117,51.2,0,0,1,5.5,7.090909090909091
576,Isaac,Success Ajayi,FWD,0,0,4,403,479,415,65,3,13.6,6.2,17.0,0,8,3.7,0,0,1,4.7,0.851063829787234
577,Ben,Foster,GK,0,0,137,404,17,426,3420,64,10.1,904.6,17.0,17,686,93.5,9,0,1,4.9,27.959183673469386
578,Pontus,Dahlberg,GK,0,0,0,529,571,555,0,0,0.0,0.0,0.0,0,0,0.0,0,0,0,4.2,0.0
579,Abdoulaye,Doucouré,MID,4,4,113,48,119,48,3156,61,539.0,529.6,667.0,9,459,173.4,10,0,9,5.4,20.925925925925924
580,Roberto,Pereyra,MID,0,3,60,109,286,143,1641,27,293.4,237.8,350.0,0,194,88.0,5,0,4,5.6,10.714285714285715
581,Will,Hughes,MID,1,1,62,151,210,97,2249,46,413.1,352.2,270.0,3,265,103.6,5,0,9,5.3,11.69811320754717
582,Tom,Cleverley,MID,0,1,33,183,331,185,964,26,219.2,174.8,221.0,2,153,61.6,1,0,2,4.8,6.875
583,Ken,Sema,MID,0,0,0,626,641,633,0,0,0.0,0.0,0.0,0,0,0.0,0,0,0,4.7,0.0
584,Etienne,Capoue,MID,4,0,78,277,141,134,2627,48,313.6,482.8,102.0,7,394,90.0,8,0,8,4.8,16.25
585,Nathaniel,Chalobah,MID,1,0,36,342,338,251,919,14,130.3,162.2,55.0,2,142,34.5,2,0,1,4.4,8.181818181818182
586,Domingos,Quina,MID,0,0,4,425,472,472,18,2,0.8,7.4,7.0,0,10,1.5,0,0,0,4.3,0.9302325581395349
587,Craig,Dawson,DEF,0,2,61,97,103,317,2359,49,67.5,550.6,403.0,2,353,102.1,4,0,6,4.8,12.708333333333334
588,Danny,Welbeck,FWD,1,2,39,110,359,348,813,15,51.5,128.2,350.0,3,93,53.0,1,0,0,5.8,6.724137931034483
589,Heurelho da Silva,Gomes,GK,0,0,0,533,573,558,0,0,0.0,0.0,0.0,0,0,0.0,0,0,0,4.3,0.0
590,Ismaïla,Sarr,MID,7,5,107,53,189,101,2023,35,391.9,392.0,637.0,7,300,142.2,6,0,1,5.9,18.135593220338983
591,Dimitri,Foulquier,DEF,0,0,1,458,471,469,57,6,1.0,8.0,0.0,0,12,1.0,0,0,0,3.9,0.25641025641025644
592,Ayotomiwa,Dele-Bashiru,MID,0,0,0,559,587,577,0,0,0.0,0.0,0.0,0,0,0.0,0,0,0,4.4,0.0
593,João Pedro,Junqueira de Jesus,FWD,0,0,3,424,484,434,22,1,6.4,4.2,8.0,0,8,1.7,0,0,0,4.8,0.625
594,Ignacio,Pussetto,MID,0,0,6,445,441,439,67,3,5.0,29.4,2.0,0,20,3.6,0,0,1,4.6,1.3043478260869565
595,Adalberto,Peñaranda,FWD,0,0,0,581,604,594,0,0,0.0,0.0,0.0,0,0,0.0,0,0,0,4.5,0.0
596,Aaron,Cresswell,DEF,0,3,79,214,114,78,2727,51,441.0,535.4,180.0,5,444,115.9,5,0,7,4.5,17.555555555555557
597,Angelo,Ogbonna,DEF,0,2,81,226,84,363,2786,44,37.8,579.0,168.0,0,453,78.4,7,0,4,4.5,18.0
598,Arthur,Masuaku,DEF,1,0,26,344,281,254,930,18,128.6,240.8,53.0,3,166,42.4,2,1,4,4.1,6.341463414634147
599,Pablo,Zabaleta,DEF,0,0,10,409,371,349,588,14,50.5,110.4,12.0,0,90,17.4,0,0,2,4.1,2.439024390243903
600,Ryan,Fredericks,DEF,3,0,74,314,139,125,2235,39,333.7,491.2,76.0,7,423,90.5,7,0,7,4.4,16.818181818181817
601,Issa,Diop,DEF,1,3,76,192,72,323,2765,54,64.3,610.0,210.0,3,424,88.7,4,0,8,4.3,17.674418604651162
602,Fabián,Balbuena,DEF,0,1,40,237,266,405,1176,24,18.5,268.0,149.0,3,210,43.6,3,0,2,4.3,9.30232558139535
603,Winston,Reid,DEF,0,0,0,455,508,488,0,0,0.0,0.0,0.0,0,0,0.0,0,0,0,3.9,0.0
604,Ben,Johnson,DEF,0,0,6,450,422,395,270,3,25.2,48.0,1.0,0,32,7.4,0,0,0,4.0,1.5
605,Marko,Arnautovic,FWD,0,0,0,665,664,665,0,0,0.0,0.0,0.0,0,0,0.0,0,0,0,7.0,0.0
606,Javier,Hernández Balcázar,FWD,0,1,9,364,434,452,106,4,2.2,35.6,39.0,2,27,7.7,0,0,0,6.0,1.5
607,Alexandre Nascimento,Costa Silva,FWD,0,0,0,547,581,568,0,0,0.0,0.0,0.0,0,0,0.0,0,0,0,4.3,0.0
608,Lukasz,Fabianski,GK,0,0,83,635,116,639,2117,34,0.0,531.2,0.0,5,414,53.2,5,0,1,4.9,16.93877551020408
609,Michail,Antonio,MID,4,10,111,21,100,110,1767,30,377.4,552.8,1094.0,8,284,201.7,3,0,3,7.1,15.63380281690141
610,Felipe Anderson,Pereira Gomes,MID,4,1,66,108,198,95,1493,27,414.7,377.2,355.0,1,299,114.8,7,0,1,6.6,10.0
611,Manuel,Lanzini,MID,3,0,50,143,304,66,1370,30,464.8,219.0,281.0,3,234,96.5,2,0,1,6.1,8.196721311475411
612,Andriy,Yarmolenko,MID,1,5,70,121,253,158,981,17,265.7,284.4,329.0,10,231,87.9,3,0,2,5.2,13.461538461538462
613,Robert,Snodgrass,MID,5,5,87,127,177,43,1504,33,552.1,422.2,320.0,8,312,129.7,3,0,4,5.0,17.4
614,Jack,Wilshere,MID,0,0,8,439,478,432,209,5,7.0,6.4,4.0,0,14,1.5,0,0,0,4.6,1.7391304347826089
615,Declan,Rice,MID,5,1,105,158,49,115,3420,62,350.8,715.8,259.0,8,616,132.5,7,0,6,4.7,22.340425531914892
616,Mark,Noble,MID,4,4,105,228,110,34,2675,44,602.2,542.2,164.0,8,504,131.1,7,0,5,4.9,21.428571428571427
617,Carlos,Sánchez,MID,0,0,7,535,470,445,112,2,3.7,8.4,0.0,0,20,1.1,0,0,0,4.3,1.627906976744186
618,Grady,Diangana,MID,0,0,0,544,579,566,0,0,0.0,0.0,0.0,0,0,0.0,0,0,0,4.3,0.0
619,Pablo,Fornals,MID,6,2,93,100,213,113,2167,35,359.7,350.4,381.0,4,346,109.2,6,0,3,6.0,15.5
620,Pedro,Obiang,MID,0,0,0,573,597,588,0,0,0.0,0.0,0.0,0,0,0.0,0,0,0,4.5,0.0
621,Roberto,Jimenez Gago,GK,0,0,18,555,284,574,686,17,0.0,239.0,0.0,1,134,23.9,0,0,0,4.4,4.090909090909091
622,Sébastien,Haller,FWD,3,7,102,26,155,114,2259,41,354.5,450.4,1012.0,11,327,180.9,5,0,1,6.8,15.0
623,Albian,Ajeti,FWD,0,0,9,353,481,400,132,3,22.9,5.2,47.0,0,16,7.3,0,0,0,5.6,1.6071428571428572
624,David,Martin,GK,0,0,20,453,369,486,435,6,0.0,112.0,0.0,2,86,11.2,2,0,1,3.9,5.128205128205129
625,Nathan,Holland,MID,0,0,2,419,463,443,31,1,3.8,12.6,9.0,0,10,2.5,0,0,0,4.4,0.45454545454545453
626,Joseph,Anang,GK,0,0,0,497,546,528,0,0,0.0,0.0,0.0,0,0,0.0,0,0,0,4.0,0.0
627,Jeremy,Ngakia,DEF,0,0,8,417,400,423,440,8,10.7,78.0,9.0,0,48,9.8,0,0,0,4.0,2.0
628,Gonçalo Bento,Soares Cardoso,DEF,0,0,0,499,548,530,0,0,0.0,0.0,0.0,0,0,0.0,0,0,0,4.0,0.0
629,Bernardo,Costa Da Rosa,MID,0,0,0,595,619,609,0,0,0.0,0.0,0.0,0,0,0.0,0,0,0,4.5,0.0
630,Darren,Randolph,GK,0,0,3,454,419,487,180,5,0.0,49.6,0.0,0,27,4.9,0,0,0,3.9,0.7692307692307693
631,Tomas,Soucek,MID,0,3,41,136,274,307,1039,18,73.1,254.2,293.0,3,155,62.1,1,0,0,4.8,8.541666666666668
632,Jarrod,Bowen,MID,4,1,44,118,302,178,916,13,235.0,221.4,342.0,3,173,79.8,1,0,0,6.4,6.875
633,Alfie,Lewis,MID,0,0,0,585,608,599,0,0,0.0,0.0,0.0,0,0,0.0,0,0,0,4.5,0.0
634,Conor,Coventry,MID,0,0,0,589,612,603,0,0,0.0,0.0,0.0,0,0,0.0,0,0,0,4.5,0.0
635,Matt,Doherty,DEF,8,4,167,47,86,122,2836,31,340.5,576.2,681.0,15,590,160.0,12,0,1,6.5,25.692307692307693
636,Jonathan,Castro Otto,DEF,3,2,123,133,109,108,2885,35,379.2,543.6,299.0,6,537,122.4,11,0,4,5.5,22.363636363636363
637,Conor,Coady,DEF,0,0,118,646,97,314,3420,40,68.8,556.4,0.0,7,648,62.4,13,0,5,5.1,23.137254901960787
638,Willy,Boly,DEF,1,0,97,264,144,291,1980,15,85.8,477.0,119.0,10,470,68.4,12,1,1,4.9,19.79591836734694
639,Rúben Gonçalo,Silva Nascimento Vinagre,DEF,0,0,32,340,358,283,644,6,96.2,130.4,56.0,1,134,28.1,3,0,1,4.1,7.8048780487804885
640,Romain,Saïss,DEF,2,2,103,134,70,232,2703,34,160.7,621.2,298.0,8,525,108.1,10,1,10,4.7,21.914893617021274
641,Max,Kilman,DEF,0,0,5,466,435,465,184,2,1.2,35.2,0.0,0,24,3.7,0,0,0,3.9,1.2820512820512822
642,Raúl,Jiménez,FWD,7,17,194,3,15,27,3241,36,668.2,911.6,1680.0,33,685,325.4,15,0,3,8.0,24.25
643,Diogo,Jota,FWD,3,7,105,19,151,70,2278,28,453.3,457.8,1139.0,12,348,204.9,10,0,4,6.0,17.5
644,Rui Pedro,dos Santos Patrício,GK,0,0,153,654,43,656,3420,40,0.0,741.0,0.0,8,680,74.3,13,0,0,5.3,28.867924528301888
645,John,Ruddy,GK,0,0,0,511,556,539,0,0,0.0,0.0,0.0,0,0,0.0,0,0,0,4.2,0.0
646,Will,Norris,GK,0,0,0,461,513,493,0,0,0.0,0.0,0.0,0,0,0.0,0,0,0,3.9,0.0
647,Rúben Diogo,da Silva Neves,MID,2,2,97,132,111,75,3053,35,445.4,538.6,307.0,7,498,129.1,13,0,9,5.2,18.653846153846153
648,João Filipe Iria,Santos Moutinho,MID,7,1,113,257,50,5,3105,36,1200.1,712.0,122.0,12,617,204.0,11,0,7,5.3,21.32075471698113
649,Morgan,Gibbs-White,MID,1,0,11,411,476,354,125,2,44.1,6.6,12.0,0,39,6.3,0,0,0,4.7,2.3404255319148937
650,Adama,Traoré,MID,9,4,130,63,47,20,2599,33,786.4,727.2,583.0,14,522,209.7,7,0,1,5.6,23.214285714285715
651,Hélder,Costa,MID,0,0,0,632,643,637,0,0,0.0,0.0,0.0,0,0,0.0,0,0,0,4.8,0.0
652,Ivan,Cavaleiro,MID,0,0,0,638,646,642,0,0,0.0,0.0,0.0,0,0,0.0,0,0,0,4.9,0.0
653,Leander,Dendoncker,MID,0,4,100,141,120,233,2790,34,160.6,529.2,282.0,9,426,96.8,11,0,5,4.4,22.727272727272727
654,Jesús,Vallejo Lázaro,DEF,0,0,1,619,433,433,162,6,7.0,35.6,0.0,0,22,4.3,0,0,1,4.6,0.2173913043478261
655,Patrick,Cutrone,FWD,0,2,23,235,393,367,292,6,35.6,85.2,155.0,0,69,27.5,1,0,0,5.4,4.259259259259259
656,Pedro,Lomba Neto,MID,3,3,57,156,293,180,920,12,232.0,227.8,260.0,0,194,71.8,1,0,3,4.9,11.63265306122449
657,Bernard,Ashley-Seal,FWD,0,0,0,582,605,595,0,0,0.0,0.0,0.0,0,0,0.0,0,0,0,4.5,0.0
658,Taylor,Perry,MID,0,0,0,591,615,605,0,0,0.0,0.0,0.0,0,0,0.0,0,0,0,4.5,0.0
659,Owen,Otasowie,MID,0,0,0,598,622,612,0,0,0.0,0.0,0.0,0,0,0.0,0,0,0,4.5,0.0
660,Luke,Cundle,MID,0,0,0,597,621,611,0,0,0.0,0.0,0.0,0,0,0.0,0,0,0,4.5,0.0
661,Oskar,Buur,DEF,0,0,0,483,532,514,0,0,0.0,0.0,0.0,0,0,0.0,0,0,0,4.0,0.0
662,Ryan,Giles,DEF,0,0,0,469,520,500,0,0,0.0,0.0,0.0,0,0,0.0,0,0,0,3.9,0.0
663,Bruno André,Cavaco Jordao,MID,0,0,1,600,493,425,6,0,10.4,2.6,0.0,0,4,1.3,0,0,0,4.5,0.2222222222222222
664,Daniel,Castelo Podence,MID,1,1,25,238,411,306,285,0,73.3,62.4,148.0,2,74,28.4,3,0,0,4.9,5.1020408163265305
665,Leonardo,Campana,FWD,0,0,0,613,635,624,0,0,0.0,0.0,0.0,0,0,0.0,0,0,0,4.5,0.0
